CREATE USER up_portal IDENTIFIED BY "mypassword" DEFAULT TABLESPACE "USERS" TEMPORARY TABLESPACE "TEMP";
GRANT DBA TO up_portal;


CREATE TABLE up_portal."T01_GROUP" ("T01_ID" NUMBER(*,0), "T01_NAMA" VARCHAR2(45), "T01_KATEGORI" VARCHAR2(45), "T01_STATUS" VARCHAR2(1), "T01_ICON" VARCHAR2(50), "T01_NOKPUPDATE" VARCHAR2(12), "T01_TKHUPDATE" DATE, "T01_JUJUKAN" NUMBER, "T01_NAMA_BI" VARCHAR2(45), "T01_ICON_COLOUR" VARCHAR2(20), "T01_ICON_DETAIL" VARCHAR2(100)); 
CREATE TABLE up_portal."T02_APLIKASI" ("T02_ID" NUMBER(*,0), "T02_NAMA_APP" VARCHAR2(45), "T02_STATUS" VARCHAR2(1), "T02_PTJOWNER" VARCHAR2(10), "T02_KETERANGAN" VARCHAR2(500), "T01_ID" NUMBER(*,0), "T02_ICON" VARCHAR2(45), "T02_LEVEL_ACCESS" VARCHAR2(45), "T02_URL" VARCHAR2(100), "T02_SHORTNAME" VARCHAR2(50), "T02_NOKPUPDATE" VARCHAR2(12), "T02_TKHUPDATE" DATE, "T02_PLATFORM" VARCHAR2(1), "T02_LOGIN" VARCHAR2(1), "T02_QUERYMENU" VARCHAR2(1), "T02_FOLDER" VARCHAR2(50), "T02_KETERANGAN_BI" VARCHAR2(20), "T02_NAMA_BI" VARCHAR2(20), "T02_NAMA_LAMA" VARCHAR2(20)); 
CREATE TABLE up_portal."T03_SUPPORT_USER" ("T03_ID" NUMBER(*,0), "T03_NOKP" VARCHAR2(12), "T03_NOTEL" VARCHAR2(20), "T02_ID" NUMBER, "T03_STATUS" VARCHAR2(1), "T03_NOKPUPDATE" VARCHAR2(12), "T03_TKHUPDATE" DATE, "T03_IDSTAF" VARCHAR2(20)); 
CREATE TABLE up_portal."T04_FAV" ("T04_ID" NUMBER, "T04_IDSTAF" VARCHAR2(20), "T02_ID" VARCHAR2(20), "CREATED_ON" TIMESTAMP (6) DEFAULT SYSDATE, "T04_NOKP" VARCHAR2(20));

CREATE TABLE UP_PORTAL.WARGA_UMT ("JENIS_WARGA" VARCHAR2(7), "KATEGORI" VARCHAR2(14), "ID_WARGA" VARCHAR2(12), "NOKP" VARCHAR2(14), "NAMA" VARCHAR2(100), "KOD_PROGRAM_GRED" VARCHAR2(5), "JANTINA" VARCHAR2(2), "JANT_KETERANGAN" VARCHAR2(10), "TARIKH_LAHIR" DATE, "NO_TEL1" VARCHAR2(16), "BANGSA" VARCHAR2(3), "AGAMA" VARCHAR2(40), "JAWATAN" VARCHAR2(250), "PROGRAM_PEKERJAAN" VARCHAR2(200), "KOD_PTJ" VARCHAR2(6), "FAK_TMPT_KERJA" VARCHAR2(200), "ALAMAT_TETAP1" VARCHAR2(100), "ALAMAT_TETAP2" VARCHAR2(100), "POSKOD_TETAP" VARCHAR2(20), "ALAMAT_TETAP3" VARCHAR2(100), "NEGERI_TETAP" VARCHAR2(20), "ALAMAT_SEMENTARA1" VARCHAR2(200), "ALAMAT_SEMENTARA2" VARCHAR2(60), "POSKOD_SEMENTARA" VARCHAR2(5), "BANDAR_SEMENTARA" VARCHAR2(30), "NEGERI_SEMENTARA" VARCHAR2(2), "TEL_WARIS" VARCHAR2(16), "STATUS" VARCHAR2(50), "STATUS_HUBUNGAN" VARCHAR2(50), "WARGANEGARA" VARCHAR2(20), "HUBUNGAN" CHAR(7), "KP_HUBUNGAN" VARCHAR2(12), "NAMA_HUBUNGAN" VARCHAR2(100), "STATUS_KAHWIN" VARCHAR2(30), "NAMA_GELARAN" VARCHAR2(101), "JAWATAN_PROGRAM" VARCHAR2(200), "CGPA" NUMBER, "EMAIL_RASMI" VARCHAR2(100), "TARIKH_GRADUAT" DATE, "FAK_SINGKATAN" VARCHAR2(40), "EMAIL_PERIBADI" VARCHAR2(80), "KOD_TAJAAN" VARCHAR2(3), "SESI_LG" VARCHAR2(12), "TARIKH_DAFTAR_KEMASUKAN" DATE);

Insert into UP_PORTAL.WARGA_UMT (JENIS_WARGA,KATEGORI,ID_WARGA,NOKP,NAMA,KOD_PROGRAM_GRED,JANTINA,JANT_KETERANGAN,TARIKH_LAHIR,NO_TEL1,BANGSA,AGAMA,JAWATAN,PROGRAM_PEKERJAAN,KOD_PTJ,FAK_TMPT_KERJA,ALAMAT_TETAP1,ALAMAT_TETAP2,POSKOD_TETAP,ALAMAT_TETAP3,NEGERI_TETAP,ALAMAT_SEMENTARA1,ALAMAT_SEMENTARA2,POSKOD_SEMENTARA,BANDAR_SEMENTARA,NEGERI_SEMENTARA,TEL_WARIS,STATUS,STATUS_HUBUNGAN,WARGANEGARA,HUBUNGAN,KP_HUBUNGAN,NAMA_HUBUNGAN,STATUS_KAHWIN,NAMA_GELARAN,JAWATAN_PROGRAM,CGPA,EMAIL_RASMI,TARIKH_GRADUAT,FAK_SINGKATAN,EMAIL_PERIBADI,KOD_TAJAAN,SESI_LG,TARIKH_DAFTAR_KEMASUKAN) values ('PELAJAR','UNDERGRAD','S00001','04100260554','FARAHIZZAH BINTI MOHD ','GG15','P','PEREMPUAN',null,'x','M','I','GG15','SARJANA MUDA SAINS (SAINS MARIN) DENGAN KEPUJIAN','100','FAKULTI SAINS DAN SEKITARAN MARIN','NO 5 JLN SRI TEMENGGONG 16/4','TAMAN SRI TEMENGGONG','84000','MUAR','01',null,null,null,null,null,'0132390434','AKTIF','AKTIF','WARGANEGARA','SENDIRI','S7254','NZ','BUJANG','NURUL FARAHIZZAH BINTI MOHD AZMI','SARJANA MUDA SAINS (SAINS MARIN) DENGAN KEPUJIAN',5,'s55@ocean.umt.edu.my',null,'FSSM','farahii@gmail.com',null,'2023/2024',null);
Insert into UP_PORTAL.WARGA_UMT (JENIS_WARGA,KATEGORI,ID_WARGA,NOKP,NAMA,KOD_PROGRAM_GRED,JANTINA,JANT_KETERANGAN,TARIKH_LAHIR,NO_TEL1,BANGSA,AGAMA,JAWATAN,PROGRAM_PEKERJAAN,KOD_PTJ,FAK_TMPT_KERJA,ALAMAT_TETAP1,ALAMAT_TETAP2,POSKOD_TETAP,ALAMAT_TETAP3,NEGERI_TETAP,ALAMAT_SEMENTARA1,ALAMAT_SEMENTARA2,POSKOD_SEMENTARA,BANDAR_SEMENTARA,NEGERI_SEMENTARA,TEL_WARIS,STATUS,STATUS_HUBUNGAN,WARGANEGARA,HUBUNGAN,KP_HUBUNGAN,NAMA_HUBUNGAN,STATUS_KAHWIN,NAMA_GELARAN,JAWATAN_PROGRAM,CGPA,EMAIL_RASMI,TARIKH_GRADUAT,FAK_SINGKATAN,EMAIL_PERIBADI,KOD_TAJAAN,SESI_LG,TARIKH_DAFTAR_KEMASUKAN) values ('PELAJAR','UNDERGRAD','S00002','041004060','NUR BINTI JAMALUDIN','GS09','P','PEREMPUAN',null,'x','M','I','GS09','SARJANA MUDA SAINS (ANALITIK DATA) DENGAN KEPUJIAN','300','FAKULTI TEKNOLOGI KEJURUTERAAN KELAUTAN DAN INFORMATIK','NO 53','JALAN LEMBAH 28 BANDAR SERI ALAM','81750','MASAI','01',null,null,null,null,null,'0197525284','AKTIF','AKTIF','WARGANEGARA','SENDIRI','S7254','NZ','BUJANG','NUR SYAZWINA BINTI JAMALUDIN','SARJANA MUDA SAINS (ANALITIK DATA) DENGAN KEPUJIAN',5,'s55@ocean.umt.edu.my',null,'FTKKI','syazw',null,'2023/2024',null);
Insert into UP_PORTAL.WARGA_UMT (JENIS_WARGA,KATEGORI,ID_WARGA,NOKP,NAMA,KOD_PROGRAM_GRED,JANTINA,JANT_KETERANGAN,TARIKH_LAHIR,NO_TEL1,BANGSA,AGAMA,JAWATAN,PROGRAM_PEKERJAAN,KOD_PTJ,FAK_TMPT_KERJA,ALAMAT_TETAP1,ALAMAT_TETAP2,POSKOD_TETAP,ALAMAT_TETAP3,NEGERI_TETAP,ALAMAT_SEMENTARA1,ALAMAT_SEMENTARA2,POSKOD_SEMENTARA,BANDAR_SEMENTARA,NEGERI_SEMENTARA,TEL_WARIS,STATUS,STATUS_HUBUNGAN,WARGANEGARA,HUBUNGAN,KP_HUBUNGAN,NAMA_HUBUNGAN,STATUS_KAHWIN,NAMA_GELARAN,JAWATAN_PROGRAM,CGPA,EMAIL_RASMI,TARIKH_GRADUAT,FAK_SINGKATAN,EMAIL_PERIBADI,KOD_TAJAAN,SESI_LG,TARIKH_DAFTAR_KEMASUKAN) values ('PELAJAR','UNDERGRAD','S00003','0401091638','ALIA ZAHIRA BINTI MOHD ','GS02','P','PEREMPUAN',null,'x','M','I','GS02','SARJANA MUDA SAINS (SAINS BIOLOGI) DENGAN KEPUJIAN','100','FAKULTI SAINS DAN SEKITARAN MARIN','NO 65','KAMPUNG TANJUNG BARU','21700','KUALA BERANG','11',null,null,null,null,null,'0146097735','AKTIF','AKTIF','WARGANEGARA','SENDIRI','S7254','NZ','BUJANG','ALIA ZAHIRA BINTI MOHD ANAKI','SARJANA MUDA SAINS (SAINS BIOLOGI) DENGAN KEPUJIAN',5,'s55@ocean.umt.edu.my',null,'FSSM','mm@gmail.com',null,'2023/2024',null);
Insert into UP_PORTAL.WARGA_UMT (JENIS_WARGA,KATEGORI,ID_WARGA,NOKP,NAMA,KOD_PROGRAM_GRED,JANTINA,JANT_KETERANGAN,TARIKH_LAHIR,NO_TEL1,BANGSA,AGAMA,JAWATAN,PROGRAM_PEKERJAAN,KOD_PTJ,FAK_TMPT_KERJA,ALAMAT_TETAP1,ALAMAT_TETAP2,POSKOD_TETAP,ALAMAT_TETAP3,NEGERI_TETAP,ALAMAT_SEMENTARA1,ALAMAT_SEMENTARA2,POSKOD_SEMENTARA,BANDAR_SEMENTARA,NEGERI_SEMENTARA,TEL_WARIS,STATUS,STATUS_HUBUNGAN,WARGANEGARA,HUBUNGAN,KP_HUBUNGAN,NAMA_HUBUNGAN,STATUS_KAHWIN,NAMA_GELARAN,JAWATAN_PROGRAM,CGPA,EMAIL_RASMI,TARIKH_GRADUAT,FAK_SINGKATAN,EMAIL_PERIBADI,KOD_TAJAAN,SESI_LG,TARIKH_DAFTAR_KEMASUKAN) values ('PELAJAR','UNDERGRAD','S00004','040169160056','NURUL AIN BINTI A RIZAL','GS28','P','PEREMPUAN',null,'x','M','I','GS28','SARJANA MUDA SAINS (SAINS KIMIA) DENGAN KEPUJIAN','100','FAKULTI SAINS DAN SEKITARAN MARIN','SMA DARIL IKTISAM,BATU 28 1/4','JALAN PADANG SANAI','06300','KUALA NERANG','02',null,null,null,null,null,'0192477854','AKTIF','AKTIF','WARGANEGARA','SENDIRI','S7254','NZ','BUJANG','NURUL AIN BINTI AHMAD RIZAL','SARJANA MUDA SAINS (SAINS KIMIA) DENGAN KEPUJIAN',5,'s55@ocean.umt.edu.my',null,'FSSM','mmmahmadrizal19@gmail.com',null,'2023/2024',null);
Insert into UP_PORTAL.WARGA_UMT (JENIS_WARGA,KATEGORI,ID_WARGA,NOKP,NAMA,KOD_PROGRAM_GRED,JANTINA,JANT_KETERANGAN,TARIKH_LAHIR,NO_TEL1,BANGSA,AGAMA,JAWATAN,PROGRAM_PEKERJAAN,KOD_PTJ,FAK_TMPT_KERJA,ALAMAT_TETAP1,ALAMAT_TETAP2,POSKOD_TETAP,ALAMAT_TETAP3,NEGERI_TETAP,ALAMAT_SEMENTARA1,ALAMAT_SEMENTARA2,POSKOD_SEMENTARA,BANDAR_SEMENTARA,NEGERI_SEMENTARA,TEL_WARIS,STATUS,STATUS_HUBUNGAN,WARGANEGARA,HUBUNGAN,KP_HUBUNGAN,NAMA_HUBUNGAN,STATUS_KAHWIN,NAMA_GELARAN,JAWATAN_PROGRAM,CGPA,EMAIL_RASMI,TARIKH_GRADUAT,FAK_SINGKATAN,EMAIL_PERIBADI,KOD_TAJAAN,SESI_LG,TARIKH_DAFTAR_KEMASUKAN) values ('PELAJAR','UNDERGRAD','S00005','04010260515','DANIAL BIN MHD ','GC11','L','LELAKI',null,'x','M','I','GC11','SARJANA MUDA SAINS KOMPUTER (KEJURUTERAAN PERISIAN) DENGAN KEPUJIAN','300','FAKULTI TEKNOLOGI KEJURUTERAAN KELAUTAN DAN INFORMATIK','CE 5','TAMAN PERWAJA GELIGA BESAR','24000','KEMAMAN','11',null,null,null,null,null,'0139709542','AKTIF','AKTIF','WARGANEGARA','SENDIRI','S7245','NZ','BUJANG','MUHAMMAD DANIAL BIN MHD NAZORI','SARJANA MUDA SAINS KOMPUTER (KEJURUTERAAN PERISIAN) DENGAN KEPUJIAN',5,'s55@ocean.umt.edu.my',null,'FTKKI','hhh@gmail.com',null,'2023/2024',null);
Insert into UP_PORTAL.WARGA_UMT (JENIS_WARGA,KATEGORI,ID_WARGA,NOKP,NAMA,KOD_PROGRAM_GRED,JANTINA,JANT_KETERANGAN,TARIKH_LAHIR,NO_TEL1,BANGSA,AGAMA,JAWATAN,PROGRAM_PEKERJAAN,KOD_PTJ,FAK_TMPT_KERJA,ALAMAT_TETAP1,ALAMAT_TETAP2,POSKOD_TETAP,ALAMAT_TETAP3,NEGERI_TETAP,ALAMAT_SEMENTARA1,ALAMAT_SEMENTARA2,POSKOD_SEMENTARA,BANDAR_SEMENTARA,NEGERI_SEMENTARA,TEL_WARIS,STATUS,STATUS_HUBUNGAN,WARGANEGARA,HUBUNGAN,KP_HUBUNGAN,NAMA_HUBUNGAN,STATUS_KAHWIN,NAMA_GELARAN,JAWATAN_PROGRAM,CGPA,EMAIL_RASMI,TARIKH_GRADUAT,FAK_SINGKATAN,EMAIL_PERIBADI,KOD_TAJAAN,SESI_LG,TARIKH_DAFTAR_KEMASUKAN) values ('STAF','BUKAN AKADEMIK','1280','010203040506','NURUL ILHAM SHAMS BINTI AZMI','N19','P','PEREMPUAN',to_date('04/07/2001','DD/MM/RRRR'),'x','M','1','PEMBANTU TADBIR (PERKERANIAN/OPERASI)',' ','376801','PEJABAT BENDAHARI','53 KG PADANG MIDIN ,',null,'21400','TERENGGANU','11',null,null,null,null,null,null,'AKTIF','AKTIF','WARGANEGARA','SENDIRI','010700224','NZ','BUJANG','PUAN NURUL ILHAM BINTI SHAMSUDDIN',null,null,'ilham@umt.edu.my',null,null,null,null,null,null);
Insert into UP_PORTAL.WARGA_UMT (JENIS_WARGA,KATEGORI,ID_WARGA,NOKP,NAMA,KOD_PROGRAM_GRED,JANTINA,JANT_KETERANGAN,TARIKH_LAHIR,NO_TEL1,BANGSA,AGAMA,JAWATAN,PROGRAM_PEKERJAAN,KOD_PTJ,FAK_TMPT_KERJA,ALAMAT_TETAP1,ALAMAT_TETAP2,POSKOD_TETAP,ALAMAT_TETAP3,NEGERI_TETAP,ALAMAT_SEMENTARA1,ALAMAT_SEMENTARA2,POSKOD_SEMENTARA,BANDAR_SEMENTARA,NEGERI_SEMENTARA,TEL_WARIS,STATUS,STATUS_HUBUNGAN,WARGANEGARA,HUBUNGAN,KP_HUBUNGAN,NAMA_HUBUNGAN,STATUS_KAHWIN,NAMA_GELARAN,JAWATAN_PROGRAM,CGPA,EMAIL_RASMI,TARIKH_GRADUAT,FAK_SINGKATAN,EMAIL_PERIBADI,KOD_TAJAAN,SESI_LG,TARIKH_DAFTAR_KEMASUKAN) values ('STAF','BUKAN AKADEMIK','1221','771622110438','NOR FAHAZA BINTI SULAIMAN','U29','P','PEREMPUAN',to_date('22/12/2000','DD/MM/RRRR'),'x','M','1','JURUTEKNOLOGI MAKMAL PERUBATAN',' ','376827','PUSAT KESIHATAN UNIVERSITI','400-C JALAN TEKUKUR',null,'20300','TERENGGANU','11',null,null,null,null,null,null,'AKTIF','AKTIF','WARGANEGARA','SENDIRI','001220438','NZ','BUJANG','CIK NOR FAHIRA DIANA BINTI SULAIMAN',null,null,'norfahira.nf@gmail.com',null,null,null,null,null,null);
Insert into UP_PORTAL.WARGA_UMT (JENIS_WARGA,KATEGORI,ID_WARGA,NOKP,NAMA,KOD_PROGRAM_GRED,JANTINA,JANT_KETERANGAN,TARIKH_LAHIR,NO_TEL1,BANGSA,AGAMA,JAWATAN,PROGRAM_PEKERJAAN,KOD_PTJ,FAK_TMPT_KERJA,ALAMAT_TETAP1,ALAMAT_TETAP2,POSKOD_TETAP,ALAMAT_TETAP3,NEGERI_TETAP,ALAMAT_SEMENTARA1,ALAMAT_SEMENTARA2,POSKOD_SEMENTARA,BANDAR_SEMENTARA,NEGERI_SEMENTARA,TEL_WARIS,STATUS,STATUS_HUBUNGAN,WARGANEGARA,HUBUNGAN,KP_HUBUNGAN,NAMA_HUBUNGAN,STATUS_KAHWIN,NAMA_GELARAN,JAWATAN_PROGRAM,CGPA,EMAIL_RASMI,TARIKH_GRADUAT,FAK_SINGKATAN,EMAIL_PERIBADI,KOD_TAJAAN,SESI_LG,TARIKH_DAFTAR_KEMASUKAN) values ('STAF','BUKAN AKADEMIK','44444','881117366669','AMIR BIN ABDUL ','U29','L','LELAKI',to_date('17/11/2000','DD/MM/RRRR'),'x','M','1','JURUPULIH PERUBATAN',' ','376827','PUSAT KESIHATAN UNIVERSITI','PT 4472 JALAN TELOK PASU','KAMPUNG SEKATI MANIR','21200','TERENGGANU','11',null,null,null,null,null,null,'AKTIF','AKTIF','WARGANEGARA','SENDIRI','001110313','NZ','BUJANG','ENCIK AMIR HAFZAN BIN ABDUL WACHID',null,null,'hafazan94@gmail.com',null,null,null,null,null,null);


Insert into UP_PORTAL.T01_GROUP (T01_ID,T01_NAMA,T01_KATEGORI,T01_STATUS,T01_ICON,T01_NOKPUPDATE,T01_TKHUPDATE,T01_JUJUKAN,T01_NAMA_BI,T01_ICON_COLOUR,T01_ICON_DETAIL) values (1,'Aplikasi Staf','STAF','A','solar:user-hands-outline','admin',to_date('06/04/2022','DD/MM/RRRR'),1,'Staff','primary','<iconify-icon icon="solar:user-hands-outline" class="aside-icon"></iconify-icon>');
Insert into UP_PORTAL.T01_GROUP (T01_ID,T01_NAMA,T01_KATEGORI,T01_STATUS,T01_ICON,T01_NOKPUPDATE,T01_TKHUPDATE,T01_JUJUKAN,T01_NAMA_BI,T01_ICON_COLOUR,T01_ICON_DETAIL) values (3,'Akademik','AKADEMIK','A','solar:square-academic-cap-2-outline','admin',to_date('06/04/2022','DD/MM/RRRR'),3,'Academic','warning','<iconify-icon icon="solar:square-academic-cap-2-outline" class="aside-icon"></iconify-icon>');
Insert into UP_PORTAL.T01_GROUP (T01_ID,T01_NAMA,T01_KATEGORI,T01_STATUS,T01_ICON,T01_NOKPUPDATE,T01_TKHUPDATE,T01_JUJUKAN,T01_NAMA_BI,T01_ICON_COLOUR,T01_ICON_DETAIL) values (2,'Kewangan','KEWANGAN','A','solar:dollar-minimalistic-outline','admin',to_date('06/04/2022','DD/MM/RRRR'),2,'Finance','success','<iconify-icon icon="solar:dollar-minimalistic-outline" class="aside-icon"></iconify-icon>');
Insert into UP_PORTAL.T01_GROUP (T01_ID,T01_NAMA,T01_KATEGORI,T01_STATUS,T01_ICON,T01_NOKPUPDATE,T01_TKHUPDATE,T01_JUJUKAN,T01_NAMA_BI,T01_ICON_COLOUR,T01_ICON_DETAIL) values (4,'Penyelidikan','PENYELIDIKAN','A','solar:test-tube-minimalistic-outline','admin',to_date('06/04/2022','DD/MM/RRRR'),4,'Research','danger','<iconify-icon icon="solar:test-tube-minimalistic-outline" class="aside-icon"></iconify-icon>');
Insert into UP_PORTAL.T01_GROUP (T01_ID,T01_NAMA,T01_KATEGORI,T01_STATUS,T01_ICON,T01_NOKPUPDATE,T01_TKHUPDATE,T01_JUJUKAN,T01_NAMA_BI,T01_ICON_COLOUR,T01_ICON_DETAIL) values (5,'Sokongan','SOKONGAN','A','solar:shield-user-outline','admin',to_date('06/04/2022','DD/MM/RRRR'),5,'Support','secondary','<iconify-icon icon="solar:shield-user-outline" class="aside-icon"></iconify-icon>');
Insert into UP_PORTAL.T01_GROUP (T01_ID,T01_NAMA,T01_KATEGORI,T01_STATUS,T01_ICON,T01_NOKPUPDATE,T01_TKHUPDATE,T01_JUJUKAN,T01_NAMA_BI,T01_ICON_COLOUR,T01_ICON_DETAIL) values (6,'Emel','EMEL','N','fa fa-envelope-o','admin',to_date('06/04/2022','DD/MM/RRRR'),7,null,null,null);
Insert into UP_PORTAL.T01_GROUP (T01_ID,T01_NAMA,T01_KATEGORI,T01_STATUS,T01_ICON,T01_NOKPUPDATE,T01_TKHUPDATE,T01_JUJUKAN,T01_NAMA_BI,T01_ICON_COLOUR,T01_ICON_DETAIL) values (7,'e-Pembelajaran','EPEMBELAJARAN','N',null,'admin',null,8,null,null,null);
Insert into UP_PORTAL.T01_GROUP (T01_ID,T01_NAMA,T01_KATEGORI,T01_STATUS,T01_ICON,T01_NOKPUPDATE,T01_TKHUPDATE,T01_JUJUKAN,T01_NAMA_BI,T01_ICON_COLOUR,T01_ICON_DETAIL) values (8,'Hepa','HEPA','A','solar:user-id-outline','admin',to_date('06/04/2022','DD/MM/RRRR'),6,'HEPA','success','<iconify-icon icon="solar:user-id-outline" class="aside-icon"></iconify-icon>');
Insert into UP_PORTAL.T01_GROUP (T01_ID,T01_NAMA,T01_KATEGORI,T01_STATUS,T01_ICON,T01_NOKPUPDATE,T01_TKHUPDATE,T01_JUJUKAN,T01_NAMA_BI,T01_ICON_COLOUR,T01_ICON_DETAIL) values (9,'Utama','UTAMA','N','solar:home-outline','admin',null,9,'Home',null,'<iconify-icon icon="solar:home-outline" class="aside-icon"></iconify-icon>');

Insert into UP_PORTAL.T02_APLIKASI (T02_ID,T02_NAMA_APP,T02_STATUS,T02_PTJOWNER,T02_KETERANGAN,T01_ID,T02_ICON,T02_LEVEL_ACCESS,T02_URL,T02_SHORTNAME,T02_NOKPUPDATE,T02_TKHUPDATE,T02_PLATFORM,T02_LOGIN,T02_QUERYMENU,T02_FOLDER,T02_KETERANGAN_BI,T02_NAMA_BI,T02_NAMA_LAMA) values (45,'Latihan dan Kompetensi','A','376810','-',1,'fa fa-calendar',null,'#','e-Latihan','admin',to_date('07/01/2024','DD/MM/RRRR'),'8',null,null,null,null,null,null);
Insert into UP_PORTAL.T02_APLIKASI (T02_ID,T02_NAMA_APP,T02_STATUS,T02_PTJOWNER,T02_KETERANGAN,T01_ID,T02_ICON,T02_LEVEL_ACCESS,T02_URL,T02_SHORTNAME,T02_NOKPUPDATE,T02_TKHUPDATE,T02_PLATFORM,T02_LOGIN,T02_QUERYMENU,T02_FOLDER,T02_KETERANGAN_BI,T02_NAMA_BI,T02_NAMA_LAMA) values (46,'Penilai Luar','A','379657','Maklumat perlantikan penilai luar bagi tujuan kenaikan pangkat kakitangan akademik',1,'fa fa-users',null,'#','Penilai Luar','admin',to_date('14/12/2021','DD/MM/RRRR'),null,null,null,null,null,null,null);
Insert into UP_PORTAL.T02_APLIKASI (T02_ID,T02_NAMA_APP,T02_STATUS,T02_PTJOWNER,T02_KETERANGAN,T01_ID,T02_ICON,T02_LEVEL_ACCESS,T02_URL,T02_SHORTNAME,T02_NOKPUPDATE,T02_TKHUPDATE,T02_PLATFORM,T02_LOGIN,T02_QUERYMENU,T02_FOLDER,T02_KETERANGAN_BI,T02_NAMA_BI,T02_NAMA_LAMA) values (47,'Dokumentasi Pengurusan Kualiti','A','376810','Aktif kepada kakitangan Pejabat Pendaftar sahaja',1,'fa fa-file',null,'#','Dokumentasi Kualiti','admin',to_date('29/01/2024','DD/MM/RRRR'),'8',null,null,null,null,null,null);
Insert into UP_PORTAL.T02_APLIKASI (T02_ID,T02_NAMA_APP,T02_STATUS,T02_PTJOWNER,T02_KETERANGAN,T01_ID,T02_ICON,T02_LEVEL_ACCESS,T02_URL,T02_SHORTNAME,T02_NOKPUPDATE,T02_TKHUPDATE,T02_PLATFORM,T02_LOGIN,T02_QUERYMENU,T02_FOLDER,T02_KETERANGAN_BI,T02_NAMA_BI,T02_NAMA_LAMA) values (48,'MyKeselamatan','A','376810','Pengurusan berkenaan keselamatan .',1,'fa fa-user-secret',null,'#','MyKeselamatan','admin',to_date('25/06/2023','DD/MM/RRRR'),'8',null,null,null,null,null,null);
Insert into UP_PORTAL.T02_APLIKASI (T02_ID,T02_NAMA_APP,T02_STATUS,T02_PTJOWNER,T02_KETERANGAN,T01_ID,T02_ICON,T02_LEVEL_ACCESS,T02_URL,T02_SHORTNAME,T02_NOKPUPDATE,T02_TKHUPDATE,T02_PLATFORM,T02_LOGIN,T02_QUERYMENU,T02_FOLDER,T02_KETERANGAN_BI,T02_NAMA_BI,T02_NAMA_LAMA) values (85,'Data dan Rekod','A','376810','-',1,'fa fa-table',null,'#','Data ## Rekod','admin',to_date('25/01/2024','DD/MM/RRRR'),'8',null,null,null,null,null,null);
Insert into UP_PORTAL.T02_APLIKASI (T02_ID,T02_NAMA_APP,T02_STATUS,T02_PTJOWNER,T02_KETERANGAN,T01_ID,T02_ICON,T02_LEVEL_ACCESS,T02_URL,T02_SHORTNAME,T02_NOKPUPDATE,T02_TKHUPDATE,T02_PLATFORM,T02_LOGIN,T02_QUERYMENU,T02_FOLDER,T02_KETERANGAN_BI,T02_NAMA_BI,T02_NAMA_LAMA) values (93,'Buku Rekod Perkhidmatan','A','376810','-',1,'fa fa-user',null,'#','Rekod Khidmat','admin',to_date('29/01/2024','DD/MM/RRRR'),'8',null,null,null,null,null,null);
Insert into UP_PORTAL.T02_APLIKASI (T02_ID,T02_NAMA_APP,T02_STATUS,T02_PTJOWNER,T02_KETERANGAN,T01_ID,T02_ICON,T02_LEVEL_ACCESS,T02_URL,T02_SHORTNAME,T02_NOKPUPDATE,T02_TKHUPDATE,T02_PLATFORM,T02_LOGIN,T02_QUERYMENU,T02_FOLDER,T02_KETERANGAN_BI,T02_NAMA_BI,T02_NAMA_LAMA) values (94,'Guarantee Letter (GL)','A','376810','-',1,'fa fa-envelope',null,'#','GL','admin',to_date('25/01/2024','DD/MM/RRRR'),'8',null,null,null,null,null,null);
Insert into UP_PORTAL.T02_APLIKASI (T02_ID,T02_NAMA_APP,T02_STATUS,T02_PTJOWNER,T02_KETERANGAN,T01_ID,T02_ICON,T02_LEVEL_ACCESS,T02_URL,T02_SHORTNAME,T02_NOKPUPDATE,T02_TKHUPDATE,T02_PLATFORM,T02_LOGIN,T02_QUERYMENU,T02_FOLDER,T02_KETERANGAN_BI,T02_NAMA_BI,T02_NAMA_LAMA) values (44,'Penilaian Prestasi Akademik','A','376810','Penilaian Prestasi, Pengisian SKT, Pengisian LNPT dan Pengurusan Maklumat LNPT Ahli Akademik',1,'fa fa-paper-plane',null,'#','e-Prestasi','admin',to_date('07/01/2024','DD/MM/RRRR'),'8',null,null,null,null,null,null);
Insert into UP_PORTAL.T02_APLIKASI (T02_ID,T02_NAMA_APP,T02_STATUS,T02_PTJOWNER,T02_KETERANGAN,T01_ID,T02_ICON,T02_LEVEL_ACCESS,T02_URL,T02_SHORTNAME,T02_NOKPUPDATE,T02_TKHUPDATE,T02_PLATFORM,T02_LOGIN,T02_QUERYMENU,T02_FOLDER,T02_KETERANGAN_BI,T02_NAMA_BI,T02_NAMA_LAMA) values (108,'e-Penyata','A','376801','-',2,'fa fa-money',null,'#','e-Penyata','admin',to_date('05/04/2022','DD/MM/RRRR'),'1',null,null,null,null,null,null);
Insert into UP_PORTAL.T02_APLIKASI (T02_ID,T02_NAMA_APP,T02_STATUS,T02_PTJOWNER,T02_KETERANGAN,T01_ID,T02_ICON,T02_LEVEL_ACCESS,T02_URL,T02_SHORTNAME,T02_NOKPUPDATE,T02_TKHUPDATE,T02_PLATFORM,T02_LOGIN,T02_QUERYMENU,T02_FOLDER,T02_KETERANGAN_BI,T02_NAMA_BI,T02_NAMA_LAMA) values (109,'eBida','A','376801','-',2,'fa fa-car',null,'#','eBida','admin',to_date('05/04/2022','DD/MM/RRRR'),'1',null,null,'ebidding',null,null,null);
Insert into UP_PORTAL.T02_APLIKASI (T02_ID,T02_NAMA_APP,T02_STATUS,T02_PTJOWNER,T02_KETERANGAN,T01_ID,T02_ICON,T02_LEVEL_ACCESS,T02_URL,T02_SHORTNAME,T02_NOKPUPDATE,T02_TKHUPDATE,T02_PLATFORM,T02_LOGIN,T02_QUERYMENU,T02_FOLDER,T02_KETERANGAN_BI,T02_NAMA_BI,T02_NAMA_LAMA) values (111,'Pengurusan Stor','A','376801','Pengurusan Stor',2,'fa fa-archive',null,'#','e-Stor','admin',to_date('29/05/2024','DD/MM/RRRR'),'8',null,null,null,null,null,null);
Insert into UP_PORTAL.T02_APLIKASI (T02_ID,T02_NAMA_APP,T02_STATUS,T02_PTJOWNER,T02_KETERANGAN,T01_ID,T02_ICON,T02_LEVEL_ACCESS,T02_URL,T02_SHORTNAME,T02_NOKPUPDATE,T02_TKHUPDATE,T02_PLATFORM,T02_LOGIN,T02_QUERYMENU,T02_FOLDER,T02_KETERANGAN_BI,T02_NAMA_BI,T02_NAMA_LAMA) values (112,'Modul Ketua Program/Jabatan','A','379683','-',3,'fa fa-user',null,'#','Ketua Program/Jabatan','admin',to_date('07/03/2024','DD/MM/RRRR'),'8',null,'N','pprg',null,null,null);
Insert into UP_PORTAL.T02_APLIKASI (T02_ID,T02_NAMA_APP,T02_STATUS,T02_PTJOWNER,T02_KETERANGAN,T01_ID,T02_ICON,T02_LEVEL_ACCESS,T02_URL,T02_SHORTNAME,T02_NOKPUPDATE,T02_TKHUPDATE,T02_PLATFORM,T02_LOGIN,T02_QUERYMENU,T02_FOLDER,T02_KETERANGAN_BI,T02_NAMA_BI,T02_NAMA_LAMA) values (113,'Jadual Waktu Pengawas','A','379683','Jadual Waktu Pengawas (Bukan Akademik)',3,'fa fa-user',null,'#','JWP','admin',to_date('11/04/2022','DD/MM/RRRR'),'1',null,'Y',null,null,null,null);
Insert into UP_PORTAL.T02_APLIKASI (T02_ID,T02_NAMA_APP,T02_STATUS,T02_PTJOWNER,T02_KETERANGAN,T01_ID,T02_ICON,T02_LEVEL_ACCESS,T02_URL,T02_SHORTNAME,T02_NOKPUPDATE,T02_TKHUPDATE,T02_PLATFORM,T02_LOGIN,T02_QUERYMENU,T02_FOLDER,T02_KETERANGAN_BI,T02_NAMA_BI,T02_NAMA_LAMA) values (114,'Pengajian Siswazah','A','379683','Pengurusan Maklumat Pengajian Siswazah',3,'fa fa-graduation-cap',null,'#','Siswazah','admin',to_date('29/01/2024','DD/MM/RRRR'),'8',null,'N',null,null,null,null);
Insert into UP_PORTAL.T02_APLIKASI (T02_ID,T02_NAMA_APP,T02_STATUS,T02_PTJOWNER,T02_KETERANGAN,T01_ID,T02_ICON,T02_LEVEL_ACCESS,T02_URL,T02_SHORTNAME,T02_NOKPUPDATE,T02_TKHUPDATE,T02_PLATFORM,T02_LOGIN,T02_QUERYMENU,T02_FOLDER,T02_KETERANGAN_BI,T02_NAMA_BI,T02_NAMA_LAMA) values (116,'Modul Kemasukan','A','379683','Data pelajar baru',3,'fa fa-user',null,'#','Kemasukan','admin',to_date('23/06/2024','DD/MM/RRRR'),'8',null,'N',null,null,null,null);
Insert into UP_PORTAL.T02_APLIKASI (T02_ID,T02_NAMA_APP,T02_STATUS,T02_PTJOWNER,T02_KETERANGAN,T01_ID,T02_ICON,T02_LEVEL_ACCESS,T02_URL,T02_SHORTNAME,T02_NOKPUPDATE,T02_TKHUPDATE,T02_PLATFORM,T02_LOGIN,T02_QUERYMENU,T02_FOLDER,T02_KETERANGAN_BI,T02_NAMA_BI,T02_NAMA_LAMA) values (117,'Kemaskini Foto Pelajar','A','379683','Maklumat Foto Gambar Pelajar',3,'fa fa-graduation-cap',null,'#','Foto Pelajar','admin',to_date('11/04/2022','DD/MM/RRRR'),'1',null,'Y',null,null,null,null);
Insert into UP_PORTAL.T02_APLIKASI (T02_ID,T02_NAMA_APP,T02_STATUS,T02_PTJOWNER,T02_KETERANGAN,T01_ID,T02_ICON,T02_LEVEL_ACCESS,T02_URL,T02_SHORTNAME,T02_NOKPUPDATE,T02_TKHUPDATE,T02_PLATFORM,T02_LOGIN,T02_QUERYMENU,T02_FOLDER,T02_KETERANGAN_BI,T02_NAMA_BI,T02_NAMA_LAMA) values (118,'Semakan Layak Bergraduat','A','379683','Modul Semakan Layak Bergraduat',3,'fa fa-graduation-cap',null,'#','Layak Graduat','admin',to_date('11/04/2022','DD/MM/RRRR'),'1',null,'Y',null,null,null,null);
Insert into UP_PORTAL.T02_APLIKASI (T02_ID,T02_NAMA_APP,T02_STATUS,T02_PTJOWNER,T02_KETERANGAN,T01_ID,T02_ICON,T02_LEVEL_ACCESS,T02_URL,T02_SHORTNAME,T02_NOKPUPDATE,T02_TKHUPDATE,T02_PLATFORM,T02_LOGIN,T02_QUERYMENU,T02_FOLDER,T02_KETERANGAN_BI,T02_NAMA_BI,T02_NAMA_LAMA) values (120,'Kawalan Menu Pengguna','A','379683','Pendaftaran Akses Pengguna Sistem',3,'fa fa-adjust',null,'#','Kawalan Menu','admin',to_date('11/04/2022','DD/MM/RRRR'),'1',null,'Y',null,null,null,null);
Insert into UP_PORTAL.T02_APLIKASI (T02_ID,T02_NAMA_APP,T02_STATUS,T02_PTJOWNER,T02_KETERANGAN,T01_ID,T02_ICON,T02_LEVEL_ACCESS,T02_URL,T02_SHORTNAME,T02_NOKPUPDATE,T02_TKHUPDATE,T02_PLATFORM,T02_LOGIN,T02_QUERYMENU,T02_FOLDER,T02_KETERANGAN_BI,T02_NAMA_BI,T02_NAMA_LAMA) values (121,'Custcare Akademik','A','379683','-',3,'fa fa-wrench',null,'#','Custcare Akademik','admin',to_date('05/04/2022','DD/MM/RRRR'),'1',null,null,null,null,null,null);
Insert into UP_PORTAL.T02_APLIKASI (T02_ID,T02_NAMA_APP,T02_STATUS,T02_PTJOWNER,T02_KETERANGAN,T01_ID,T02_ICON,T02_LEVEL_ACCESS,T02_URL,T02_SHORTNAME,T02_NOKPUPDATE,T02_TKHUPDATE,T02_PLATFORM,T02_LOGIN,T02_QUERYMENU,T02_FOLDER,T02_KETERANGAN_BI,T02_NAMA_BI,T02_NAMA_LAMA) values (122,'eTEP','A','379683','Teaching Excellent Plan',3,'fa fa-user',null,'#','eTEP','admin',to_date('07/01/2024','DD/MM/RRRR'),'8',null,null,null,null,null,null);
Insert into UP_PORTAL.T02_APLIKASI (T02_ID,T02_NAMA_APP,T02_STATUS,T02_PTJOWNER,T02_KETERANGAN,T01_ID,T02_ICON,T02_LEVEL_ACCESS,T02_URL,T02_SHORTNAME,T02_NOKPUPDATE,T02_TKHUPDATE,T02_PLATFORM,T02_LOGIN,T02_QUERYMENU,T02_FOLDER,T02_KETERANGAN_BI,T02_NAMA_BI,T02_NAMA_LAMA) values (126,'Modul Pengurusan Pelajar Berhutang','A','379683','Pengurusan Pelajar Berhutang',3,'fa fa-credit-card',null,'#','Pelajar Berhutang','admin',to_date('11/04/2022','DD/MM/RRRR'),'1',null,'Y',null,null,null,null);
Insert into UP_PORTAL.T02_APLIKASI (T02_ID,T02_NAMA_APP,T02_STATUS,T02_PTJOWNER,T02_KETERANGAN,T01_ID,T02_ICON,T02_LEVEL_ACCESS,T02_URL,T02_SHORTNAME,T02_NOKPUPDATE,T02_TKHUPDATE,T02_PLATFORM,T02_LOGIN,T02_QUERYMENU,T02_FOLDER,T02_KETERANGAN_BI,T02_NAMA_BI,T02_NAMA_LAMA) values (132,'e-Form aduan Akademik','A','379683','-',3,'fa fa-exclamation-circle',null,'#','aduan Akademik','admin',to_date('05/04/2022','DD/MM/RRRR'),'1',null,null,null,null,null,null);
Insert into UP_PORTAL.T02_APLIKASI (T02_ID,T02_NAMA_APP,T02_STATUS,T02_PTJOWNER,T02_KETERANGAN,T01_ID,T02_ICON,T02_LEVEL_ACCESS,T02_URL,T02_SHORTNAME,T02_NOKPUPDATE,T02_TKHUPDATE,T02_PLATFORM,T02_LOGIN,T02_QUERYMENU,T02_FOLDER,T02_KETERANGAN_BI,T02_NAMA_BI,T02_NAMA_LAMA) values (133,'Aduan (BAKAT)','A','379683','-',3,'fa fa-exclamation-circle',null,'#','Aduan (BAKAT)','admin',to_date('05/04/2022','DD/MM/RRRR'),'1',null,null,null,null,null,null);
Insert into UP_PORTAL.T02_APLIKASI (T02_ID,T02_NAMA_APP,T02_STATUS,T02_PTJOWNER,T02_KETERANGAN,T01_ID,T02_ICON,T02_LEVEL_ACCESS,T02_URL,T02_SHORTNAME,T02_NOKPUPDATE,T02_TKHUPDATE,T02_PLATFORM,T02_LOGIN,T02_QUERYMENU,T02_FOLDER,T02_KETERANGAN_BI,T02_NAMA_BI,T02_NAMA_LAMA) values (137,'e-Kemasukan Khas COVID','A','379683','Rekod permohonan pelajar masuk ke kampus.',5,'fa fa-medkit',null,'#','e-Kemasukan Khas COVID','admin',to_date('05/04/2022','DD/MM/RRRR'),'1',null,null,null,null,null,null);
Insert into UP_PORTAL.T02_APLIKASI (T02_ID,T02_NAMA_APP,T02_STATUS,T02_PTJOWNER,T02_KETERANGAN,T01_ID,T02_ICON,T02_LEVEL_ACCESS,T02_URL,T02_SHORTNAME,T02_NOKPUPDATE,T02_TKHUPDATE,T02_PLATFORM,T02_LOGIN,T02_QUERYMENU,T02_FOLDER,T02_KETERANGAN_BI,T02_NAMA_BI,T02_NAMA_LAMA) values (138,'Pergerakan Staf','A','379677','Modul paparan pergerakan staf bercuti, hadir latihan dan keluar pejabat',5,'fa fa-plane',null,'#','Pergerakan Staf','admin',to_date('26/03/2024','DD/MM/RRRR'),'8',null,null,null,null,null,null);
Insert into UP_PORTAL.T02_APLIKASI (T02_ID,T02_NAMA_APP,T02_STATUS,T02_PTJOWNER,T02_KETERANGAN,T01_ID,T02_ICON,T02_LEVEL_ACCESS,T02_URL,T02_SHORTNAME,T02_NOKPUPDATE,T02_TKHUPDATE,T02_PLATFORM,T02_LOGIN,T02_QUERYMENU,T02_FOLDER,T02_KETERANGAN_BI,T02_NAMA_BI,T02_NAMA_LAMA) values (140,'eKaunter','A','379677','-',5,'fa fa-building-o',null,'#','eKaunter','admin',to_date('05/04/2022','DD/MM/RRRR'),'1',null,null,null,null,null,null);
Insert into UP_PORTAL.T02_APLIKASI (T02_ID,T02_NAMA_APP,T02_STATUS,T02_PTJOWNER,T02_KETERANGAN,T01_ID,T02_ICON,T02_LEVEL_ACCESS,T02_URL,T02_SHORTNAME,T02_NOKPUPDATE,T02_TKHUPDATE,T02_PLATFORM,T02_LOGIN,T02_QUERYMENU,T02_FOLDER,T02_KETERANGAN_BI,T02_NAMA_BI,T02_NAMA_LAMA) values (141,'Semakan Pelajar','A','379683','-',5,'fa fa-graduation-cap',null,'#','Semakan Pelajar','admin',to_date('17/04/2024','DD/MM/RRRR'),'8',null,'N',null,null,null,null);
Insert into UP_PORTAL.T02_APLIKASI (T02_ID,T02_NAMA_APP,T02_STATUS,T02_PTJOWNER,T02_KETERANGAN,T01_ID,T02_ICON,T02_LEVEL_ACCESS,T02_URL,T02_SHORTNAME,T02_NOKPUPDATE,T02_TKHUPDATE,T02_PLATFORM,T02_LOGIN,T02_QUERYMENU,T02_FOLDER,T02_KETERANGAN_BI,T02_NAMA_BI,T02_NAMA_LAMA) values (142,'CustCare PED','A','379677','Aduan kerosakan PC/rangkaian/perisian dan lain-lain',5,'fa fa-wrench',null,'#','CustCare PED','admin',to_date('07/01/2024','DD/MM/RRRR'),'8',null,null,null,null,null,null);
Insert into UP_PORTAL.T02_APLIKASI (T02_ID,T02_NAMA_APP,T02_STATUS,T02_PTJOWNER,T02_KETERANGAN,T01_ID,T02_ICON,T02_LEVEL_ACCESS,T02_URL,T02_SHORTNAME,T02_NOKPUPDATE,T02_TKHUPDATE,T02_PLATFORM,T02_LOGIN,T02_QUERYMENU,T02_FOLDER,T02_KETERANGAN_BI,T02_NAMA_BI,T02_NAMA_LAMA) values (143,'CustCare PPH','A','379677','Aduan kerosakan bangunan/letrik dan lain-lain.',5,'fa fa-wrench',null,'#','CustCare PPH','admin',to_date('08/08/2023','DD/MM/RRRR'),'8',null,null,null,null,null,null);
Insert into UP_PORTAL.T02_APLIKASI (T02_ID,T02_NAMA_APP,T02_STATUS,T02_PTJOWNER,T02_KETERANGAN,T01_ID,T02_ICON,T02_LEVEL_ACCESS,T02_URL,T02_SHORTNAME,T02_NOKPUPDATE,T02_TKHUPDATE,T02_PLATFORM,T02_LOGIN,T02_QUERYMENU,T02_FOLDER,T02_KETERANGAN_BI,T02_NAMA_BI,T02_NAMA_LAMA) values (144,'e-Defect','A','376916','Aduan Kecacatan Projek',5,'fa fa-wrench',null,'#','e-Defect','admin',to_date('07/01/2024','DD/MM/RRRR'),'8',null,null,null,null,null,null);
Insert into UP_PORTAL.T02_APLIKASI (T02_ID,T02_NAMA_APP,T02_STATUS,T02_PTJOWNER,T02_KETERANGAN,T01_ID,T02_ICON,T02_LEVEL_ACCESS,T02_URL,T02_SHORTNAME,T02_NOKPUPDATE,T02_TKHUPDATE,T02_PLATFORM,T02_LOGIN,T02_QUERYMENU,T02_FOLDER,T02_KETERANGAN_BI,T02_NAMA_BI,T02_NAMA_LAMA) values (146,'e-Bot','N','379677','Modul untuk memantau pergerakan bot serta mengisi maklumat detail dan tempahan bot',5,'fa fa-ship',null,'#','e-Bot','admin',to_date('26/06/2023','DD/MM/RRRR'),'1',null,null,null,null,null,null);
Insert into UP_PORTAL.T02_APLIKASI (T02_ID,T02_NAMA_APP,T02_STATUS,T02_PTJOWNER,T02_KETERANGAN,T01_ID,T02_ICON,T02_LEVEL_ACCESS,T02_URL,T02_SHORTNAME,T02_NOKPUPDATE,T02_TKHUPDATE,T02_PLATFORM,T02_LOGIN,T02_QUERYMENU,T02_FOLDER,T02_KETERANGAN_BI,T02_NAMA_BI,T02_NAMA_LAMA) values (262,'Pengurusan Penyelidikan ## Inovasi','A','379679','Pengurusan Maklumat Penyelidikan Dalam Talian.',4,'fa fa-sitemap',null,'#','SPI','admin',to_date('26/06/2023','DD/MM/RRRR'),'1',null,'N',null,null,null,null);
Insert into UP_PORTAL.T02_APLIKASI (T02_ID,T02_NAMA_APP,T02_STATUS,T02_PTJOWNER,T02_KETERANGAN,T01_ID,T02_ICON,T02_LEVEL_ACCESS,T02_URL,T02_SHORTNAME,T02_NOKPUPDATE,T02_TKHUPDATE,T02_PLATFORM,T02_LOGIN,T02_QUERYMENU,T02_FOLDER,T02_KETERANGAN_BI,T02_NAMA_BI,T02_NAMA_LAMA) values (282,'iRaise','A','376810','iRaise',5,'-',null,'#','iRaise','admin',to_date('01/02/2023','DD/MM/RRRR'),'1',null,'N',null,null,null,null);
Insert into UP_PORTAL.T02_APLIKASI (T02_ID,T02_NAMA_APP,T02_STATUS,T02_PTJOWNER,T02_KETERANGAN,T01_ID,T02_ICON,T02_LEVEL_ACCESS,T02_URL,T02_SHORTNAME,T02_NOKPUPDATE,T02_TKHUPDATE,T02_PLATFORM,T02_LOGIN,T02_QUERYMENU,T02_FOLDER,T02_KETERANGAN_BI,T02_NAMA_BI,T02_NAMA_LAMA) values (302,'e-TEP','A','379683','e-TEP',3,'-',null,'#','e-TEP','admin',to_date('01/02/2023','DD/MM/RRRR'),'1',null,'N',null,null,null,null);
Insert into UP_PORTAL.T02_APLIKASI (T02_ID,T02_NAMA_APP,T02_STATUS,T02_PTJOWNER,T02_KETERANGAN,T01_ID,T02_ICON,T02_LEVEL_ACCESS,T02_URL,T02_SHORTNAME,T02_NOKPUPDATE,T02_TKHUPDATE,T02_PLATFORM,T02_LOGIN,T02_QUERYMENU,T02_FOLDER,T02_KETERANGAN_BI,T02_NAMA_BI,T02_NAMA_LAMA) values (322,'Skema/Penawaran Kursus','A','379683','-',3,'fa-file-text',null,'#','Skema Pengajian dan Penawaran Kursus','admin',to_date('26/06/2023','DD/MM/RRRR'),'1',null,'Y',null,null,null,null);
Insert into UP_PORTAL.T02_APLIKASI (T02_ID,T02_NAMA_APP,T02_STATUS,T02_PTJOWNER,T02_KETERANGAN,T01_ID,T02_ICON,T02_LEVEL_ACCESS,T02_URL,T02_SHORTNAME,T02_NOKPUPDATE,T02_TKHUPDATE,T02_PLATFORM,T02_LOGIN,T02_QUERYMENU,T02_FOLDER,T02_KETERANGAN_BI,T02_NAMA_BI,T02_NAMA_LAMA) values (362,'Sistem SMP STEM','A','379658','Sistem Maklumat Pelajar STEM',3,'fa fa-graduation-cap',null,'#','SMPSTEM','admin',to_date('26/06/2023','DD/MM/RRRR'),'1','Y','Y',null,null,null,null);
Insert into UP_PORTAL.T02_APLIKASI (T02_ID,T02_NAMA_APP,T02_STATUS,T02_PTJOWNER,T02_KETERANGAN,T01_ID,T02_ICON,T02_LEVEL_ACCESS,T02_URL,T02_SHORTNAME,T02_NOKPUPDATE,T02_TKHUPDATE,T02_PLATFORM,T02_LOGIN,T02_QUERYMENU,T02_FOLDER,T02_KETERANGAN_BI,T02_NAMA_BI,T02_NAMA_LAMA) values (542,'Daftar Kursus Luar Tempoh ','A','379683','Pengurusan Pendaftaran Kursus Luar Tempoh ',3,'fa fa-database',null,'#','Daftar Kursus Luar Tempoh ','admin',to_date('01/01/2024','DD/MM/RRRR'),'8',null,'N',null,null,null,null);
Insert into UP_PORTAL.T02_APLIKASI (T02_ID,T02_NAMA_APP,T02_STATUS,T02_PTJOWNER,T02_KETERANGAN,T01_ID,T02_ICON,T02_LEVEL_ACCESS,T02_URL,T02_SHORTNAME,T02_NOKPUPDATE,T02_TKHUPDATE,T02_PLATFORM,T02_LOGIN,T02_QUERYMENU,T02_FOLDER,T02_KETERANGAN_BI,T02_NAMA_BI,T02_NAMA_LAMA) values (562,'Sistem Maklumat Pelajar','A','379656','    ',3,'fa-address-book-o',null,'#','Micro-credential','admin',to_date('04/06/2024','DD/MM/RRRR'),'8','N','N',null,null,null,null);
Insert into UP_PORTAL.T02_APLIKASI (T02_ID,T02_NAMA_APP,T02_STATUS,T02_PTJOWNER,T02_KETERANGAN,T01_ID,T02_ICON,T02_LEVEL_ACCESS,T02_URL,T02_SHORTNAME,T02_NOKPUPDATE,T02_TKHUPDATE,T02_PLATFORM,T02_LOGIN,T02_QUERYMENU,T02_FOLDER,T02_KETERANGAN_BI,T02_NAMA_BI,T02_NAMA_LAMA) values (89,'e-Profil V2','A','376810','Pengurusan Data Profil Ahli Akademik',1,'fa fa-user',null,'#','e-Profil V2','admin',to_date('04/04/2022','DD/MM/RRRR'),'1',null,null,null,null,null,null);
Insert into UP_PORTAL.T02_APLIKASI (T02_ID,T02_NAMA_APP,T02_STATUS,T02_PTJOWNER,T02_KETERANGAN,T01_ID,T02_ICON,T02_LEVEL_ACCESS,T02_URL,T02_SHORTNAME,T02_NOKPUPDATE,T02_TKHUPDATE,T02_PLATFORM,T02_LOGIN,T02_QUERYMENU,T02_FOLDER,T02_KETERANGAN_BI,T02_NAMA_BI,T02_NAMA_LAMA) values (90,'eTravel','A','376917','Modul untuk permohonan perjalanan ke luar negara bagi urusan tugasan rasmi, persendirian dan pengisytiharan perjalanan.',1,'fa fa-fw fa-plane',null,'#','eTravel','admin',to_date('01/02/2023','DD/MM/RRRR'),'1',null,null,null,null,null,null);
Insert into UP_PORTAL.T02_APLIKASI (T02_ID,T02_NAMA_APP,T02_STATUS,T02_PTJOWNER,T02_KETERANGAN,T01_ID,T02_ICON,T02_LEVEL_ACCESS,T02_URL,T02_SHORTNAME,T02_NOKPUPDATE,T02_TKHUPDATE,T02_PLATFORM,T02_LOGIN,T02_QUERYMENU,T02_FOLDER,T02_KETERANGAN_BI,T02_NAMA_BI,T02_NAMA_LAMA) values (182,'Maklumat Pelajar','A','379669','Pengurusan Akademik',3,'fa fa-graduation-cap',null,'#','Maklumat Pelajar','admin',to_date('11/04/2022','DD/MM/RRRR'),'1',null,'Y',null,null,null,null);
Insert into UP_PORTAL.T02_APLIKASI (T02_ID,T02_NAMA_APP,T02_STATUS,T02_PTJOWNER,T02_KETERANGAN,T01_ID,T02_ICON,T02_LEVEL_ACCESS,T02_URL,T02_SHORTNAME,T02_NOKPUPDATE,T02_TKHUPDATE,T02_PLATFORM,T02_LOGIN,T02_QUERYMENU,T02_FOLDER,T02_KETERANGAN_BI,T02_NAMA_BI,T02_NAMA_LAMA) values (88,'e-Kehadiran','A','379677','-',1,'fa fa-user-plus',null,'#','e-Kehadiran','admin',to_date('04/04/2022','DD/MM/RRRR'),'1',null,null,null,null,null,null);
Insert into UP_PORTAL.T02_APLIKASI (T02_ID,T02_NAMA_APP,T02_STATUS,T02_PTJOWNER,T02_KETERANGAN,T01_ID,T02_ICON,T02_LEVEL_ACCESS,T02_URL,T02_SHORTNAME,T02_NOKPUPDATE,T02_TKHUPDATE,T02_PLATFORM,T02_LOGIN,T02_QUERYMENU,T02_FOLDER,T02_KETERANGAN_BI,T02_NAMA_BI,T02_NAMA_LAMA) values (183,'Temuduga','A','379660','-',3,'fa fa-users',null,'#','Temuduga','admin',to_date('11/04/2022','DD/MM/RRRR'),null,null,'Y',null,null,null,null);
Insert into UP_PORTAL.T02_APLIKASI (T02_ID,T02_NAMA_APP,T02_STATUS,T02_PTJOWNER,T02_KETERANGAN,T01_ID,T02_ICON,T02_LEVEL_ACCESS,T02_URL,T02_SHORTNAME,T02_NOKPUPDATE,T02_TKHUPDATE,T02_PLATFORM,T02_LOGIN,T02_QUERYMENU,T02_FOLDER,T02_KETERANGAN_BI,T02_NAMA_BI,T02_NAMA_LAMA) values (382,'e-Gigi','A','376801','Pengurusan Tuntutan Rawatan Pergigian.',2,'-',null,'#','e-Gigi','admin',to_date('03/04/2023','DD/MM/RRRR'),'1','N','N',null,null,null,null);
Insert into UP_PORTAL.T02_APLIKASI (T02_ID,T02_NAMA_APP,T02_STATUS,T02_PTJOWNER,T02_KETERANGAN,T01_ID,T02_ICON,T02_LEVEL_ACCESS,T02_URL,T02_SHORTNAME,T02_NOKPUPDATE,T02_TKHUPDATE,T02_PLATFORM,T02_LOGIN,T02_QUERYMENU,T02_FOLDER,T02_KETERANGAN_BI,T02_NAMA_BI,T02_NAMA_LAMA) values (422,'e-Borang','A','379677','-',5,'fa fa-th-list',null,'#','e-Borang','admin',to_date('07/06/2023','DD/MM/RRRR'),'8',null,'N',null,null,null,null);
Insert into UP_PORTAL.T02_APLIKASI (T02_ID,T02_NAMA_APP,T02_STATUS,T02_PTJOWNER,T02_KETERANGAN,T01_ID,T02_ICON,T02_LEVEL_ACCESS,T02_URL,T02_SHORTNAME,T02_NOKPUPDATE,T02_TKHUPDATE,T02_PLATFORM,T02_LOGIN,T02_QUERYMENU,T02_FOLDER,T02_KETERANGAN_BI,T02_NAMA_BI,T02_NAMA_LAMA) values (482,'MyDiscovery','A','379660','Permohonan Tempahan Bot Secara Atas Talian',5,'fa fa-ship',null,'#','MyDiscovery','admin',to_date('26/06/2023','DD/MM/RRRR'),'1',null,'Y',null,null,null,null);
Insert into UP_PORTAL.T02_APLIKASI (T02_ID,T02_NAMA_APP,T02_STATUS,T02_PTJOWNER,T02_KETERANGAN,T01_ID,T02_ICON,T02_LEVEL_ACCESS,T02_URL,T02_SHORTNAME,T02_NOKPUPDATE,T02_TKHUPDATE,T02_PLATFORM,T02_LOGIN,T02_QUERYMENU,T02_FOLDER,T02_KETERANGAN_BI,T02_NAMA_BI,T02_NAMA_LAMA) values (555,'MyQ','A','379677','Wakakaka',5,'fa fa-ship',null,'#','MyQ','admin',to_date('08/10/2024','DD/MM/RRRR'),'1','N','N',null,null,null,null);
Insert into UP_PORTAL.T02_APLIKASI (T02_ID,T02_NAMA_APP,T02_STATUS,T02_PTJOWNER,T02_KETERANGAN,T01_ID,T02_ICON,T02_LEVEL_ACCESS,T02_URL,T02_SHORTNAME,T02_NOKPUPDATE,T02_TKHUPDATE,T02_PLATFORM,T02_LOGIN,T02_QUERYMENU,T02_FOLDER,T02_KETERANGAN_BI,T02_NAMA_BI,T02_NAMA_LAMA) values (662,'Sistem Maklumat Pelajar (UG)','A','379657','Maklumat Pelajar  Under Graduate',3,'-',null,'#','SMP UG','admin',to_date('26/08/2024','DD/MM/RRRR'),'8',null,null,null,null,null,null);
Insert into UP_PORTAL.T02_APLIKASI (T02_ID,T02_NAMA_APP,T02_STATUS,T02_PTJOWNER,T02_KETERANGAN,T01_ID,T02_ICON,T02_LEVEL_ACCESS,T02_URL,T02_SHORTNAME,T02_NOKPUPDATE,T02_TKHUPDATE,T02_PLATFORM,T02_LOGIN,T02_QUERYMENU,T02_FOLDER,T02_KETERANGAN_BI,T02_NAMA_BI,T02_NAMA_LAMA) values (64,'Kewangan Penyelidikan','A','376801','-',2,'fa fa-money',null,'#','Kewangan Penyelidikan','admin',to_date('15/12/2021','DD/MM/RRRR'),null,null,null,null,null,null,null);
Insert into UP_PORTAL.T02_APLIKASI (T02_ID,T02_NAMA_APP,T02_STATUS,T02_PTJOWNER,T02_KETERANGAN,T01_ID,T02_ICON,T02_LEVEL_ACCESS,T02_URL,T02_SHORTNAME,T02_NOKPUPDATE,T02_TKHUPDATE,T02_PLATFORM,T02_LOGIN,T02_QUERYMENU,T02_FOLDER,T02_KETERANGAN_BI,T02_NAMA_BI,T02_NAMA_LAMA) values (68,'Sistem Pengurusan Aset (SPA)','A','376801','Pengurusan Aset',2,'fa fa-object-group',null,'#','SPA','admin',to_date('23/01/2024','DD/MM/RRRR'),'8',null,null,null,null,null,null);
Insert into UP_PORTAL.T02_APLIKASI (T02_ID,T02_NAMA_APP,T02_STATUS,T02_PTJOWNER,T02_KETERANGAN,T01_ID,T02_ICON,T02_LEVEL_ACCESS,T02_URL,T02_SHORTNAME,T02_NOKPUPDATE,T02_TKHUPDATE,T02_PLATFORM,T02_LOGIN,T02_QUERYMENU,T02_FOLDER,T02_KETERANGAN_BI,T02_NAMA_BI,T02_NAMA_LAMA) values (74,'Jadual Waktu Kuliah','N','379683','Semakan Jadual Waktu Kuliah ',3,'fa fa-pencil-square',null,'#','Skema/Penawaran Kursus','admin',to_date('26/06/2023','DD/MM/RRRR'),'1',null,'Y',null,null,null,null);
Insert into UP_PORTAL.T02_APLIKASI (T02_ID,T02_NAMA_APP,T02_STATUS,T02_PTJOWNER,T02_KETERANGAN,T01_ID,T02_ICON,T02_LEVEL_ACCESS,T02_URL,T02_SHORTNAME,T02_NOKPUPDATE,T02_TKHUPDATE,T02_PLATFORM,T02_LOGIN,T02_QUERYMENU,T02_FOLDER,T02_KETERANGAN_BI,T02_NAMA_BI,T02_NAMA_LAMA) values (125,'Mesej Pelajar','A','379683','Pengurusan Mesej Pelajar',3,'fa fa-graduation-cap',null,'#','Mesej Pelajar','admin',to_date('28/01/2024','DD/MM/RRRR'),'8',null,'N',null,null,null,null);
Insert into UP_PORTAL.T02_APLIKASI (T02_ID,T02_NAMA_APP,T02_STATUS,T02_PTJOWNER,T02_KETERANGAN,T01_ID,T02_ICON,T02_LEVEL_ACCESS,T02_URL,T02_SHORTNAME,T02_NOKPUPDATE,T02_TKHUPDATE,T02_PLATFORM,T02_LOGIN,T02_QUERYMENU,T02_FOLDER,T02_KETERANGAN_BI,T02_NAMA_BI,T02_NAMA_LAMA) values (127,'Fakulti','A','379683','Pengurusan Pelajar Fakulti',3,'fa fa-graduation-cap',null,'#','Fakulti','admin',to_date('17/04/2024','DD/MM/RRRR'),'8',null,'N',null,null,null,null);
Insert into UP_PORTAL.T02_APLIKASI (T02_ID,T02_NAMA_APP,T02_STATUS,T02_PTJOWNER,T02_KETERANGAN,T01_ID,T02_ICON,T02_LEVEL_ACCESS,T02_URL,T02_SHORTNAME,T02_NOKPUPDATE,T02_TKHUPDATE,T02_PLATFORM,T02_LOGIN,T02_QUERYMENU,T02_FOLDER,T02_KETERANGAN_BI,T02_NAMA_BI,T02_NAMA_LAMA) values (128,'Sistem Pengkalan Data PITA JSM','A','379683','-',3,'fa fa-database',null,'#','Data PITA JSM','admin',to_date('05/04/2022','DD/MM/RRRR'),'1',null,null,null,null,null,null);
Insert into UP_PORTAL.T02_APLIKASI (T02_ID,T02_NAMA_APP,T02_STATUS,T02_PTJOWNER,T02_KETERANGAN,T01_ID,T02_ICON,T02_LEVEL_ACCESS,T02_URL,T02_SHORTNAME,T02_NOKPUPDATE,T02_TKHUPDATE,T02_PLATFORM,T02_LOGIN,T02_QUERYMENU,T02_FOLDER,T02_KETERANGAN_BI,T02_NAMA_BI,T02_NAMA_LAMA) values (129,'e-Konvo','A','379683','Pengurusan Konvokesyen',3,'fa fa-graduation-cap',null,'#','e-Konvo','admin',to_date('05/04/2022','DD/MM/RRRR'),'1',null,null,null,null,null,null);
Insert into UP_PORTAL.T02_APLIKASI (T02_ID,T02_NAMA_APP,T02_STATUS,T02_PTJOWNER,T02_KETERANGAN,T01_ID,T02_ICON,T02_LEVEL_ACCESS,T02_URL,T02_SHORTNAME,T02_NOKPUPDATE,T02_TKHUPDATE,T02_PLATFORM,T02_LOGIN,T02_QUERYMENU,T02_FOLDER,T02_KETERANGAN_BI,T02_NAMA_BI,T02_NAMA_LAMA) values (130,'Dokumen Sistem Pengurusan Kualiti','A','379683','-',3,'fa fa-th-list',null,'#','QMS','admin',to_date('25/01/2024','DD/MM/RRRR'),'8',null,null,null,null,null,null);
Insert into UP_PORTAL.T02_APLIKASI (T02_ID,T02_NAMA_APP,T02_STATUS,T02_PTJOWNER,T02_KETERANGAN,T01_ID,T02_ICON,T02_LEVEL_ACCESS,T02_URL,T02_SHORTNAME,T02_NOKPUPDATE,T02_TKHUPDATE,T02_PLATFORM,T02_LOGIN,T02_QUERYMENU,T02_FOLDER,T02_KETERANGAN_BI,T02_NAMA_BI,T02_NAMA_LAMA) values (131,'ISMS','A','379683','Dokumen Sistem Pengurusan Keselamatan Maklumat (ISMS)',3,'fa fa-file-text',null,'#','ISMS','admin',to_date('05/04/2022','DD/MM/RRRR'),'1',null,null,null,null,null,null);
Insert into UP_PORTAL.T02_APLIKASI (T02_ID,T02_NAMA_APP,T02_STATUS,T02_PTJOWNER,T02_KETERANGAN,T01_ID,T02_ICON,T02_LEVEL_ACCESS,T02_URL,T02_SHORTNAME,T02_NOKPUPDATE,T02_TKHUPDATE,T02_PLATFORM,T02_LOGIN,T02_QUERYMENU,T02_FOLDER,T02_KETERANGAN_BI,T02_NAMA_BI,T02_NAMA_LAMA) values (134,'Laporan LO','A','379683','-',3,'fa fa-user',null,'#','Laporan LO','admin',to_date('11/04/2022','DD/MM/RRRR'),'1',null,'Y',null,null,null,null);
Insert into UP_PORTAL.T02_APLIKASI (T02_ID,T02_NAMA_APP,T02_STATUS,T02_PTJOWNER,T02_KETERANGAN,T01_ID,T02_ICON,T02_LEVEL_ACCESS,T02_URL,T02_SHORTNAME,T02_NOKPUPDATE,T02_TKHUPDATE,T02_PLATFORM,T02_LOGIN,T02_QUERYMENU,T02_FOLDER,T02_KETERANGAN_BI,T02_NAMA_BI,T02_NAMA_LAMA) values (135,'e-RMS v2.0','A','379683','Sistem pemantauan belanjawan penyelidikan.',4,'fa fa-user',null,'#','e-RMS v2.0','admin',to_date('05/04/2022','DD/MM/RRRR'),'1',null,null,null,null,null,null);
Insert into UP_PORTAL.T02_APLIKASI (T02_ID,T02_NAMA_APP,T02_STATUS,T02_PTJOWNER,T02_KETERANGAN,T01_ID,T02_ICON,T02_LEVEL_ACCESS,T02_URL,T02_SHORTNAME,T02_NOKPUPDATE,T02_TKHUPDATE,T02_PLATFORM,T02_LOGIN,T02_QUERYMENU,T02_FOLDER,T02_KETERANGAN_BI,T02_NAMA_BI,T02_NAMA_LAMA) values (136,'Pengurusan Penyelidikan ## Inovasi','A','379683','Pengurusan Maklumat Penyelidikan Dalam Talian.',4,'fa fa-sitemap',null,'#','Pengurusan P##P','admin',to_date('26/06/2023','DD/MM/RRRR'),'1',null,null,null,null,null,null);
Insert into UP_PORTAL.T02_APLIKASI (T02_ID,T02_NAMA_APP,T02_STATUS,T02_PTJOWNER,T02_KETERANGAN,T01_ID,T02_ICON,T02_LEVEL_ACCESS,T02_URL,T02_SHORTNAME,T02_NOKPUPDATE,T02_TKHUPDATE,T02_PLATFORM,T02_LOGIN,T02_QUERYMENU,T02_FOLDER,T02_KETERANGAN_BI,T02_NAMA_BI,T02_NAMA_LAMA) values (145,'MyEvo','A','376830','Permohonan tempahan kenderaan UMT',5,'fa fa-car',null,'#','MyEvo','admin',to_date('07/09/2023','DD/MM/RRRR'),'8',null,null,null,null,null,null);
Insert into UP_PORTAL.T02_APLIKASI (T02_ID,T02_NAMA_APP,T02_STATUS,T02_PTJOWNER,T02_KETERANGAN,T01_ID,T02_ICON,T02_LEVEL_ACCESS,T02_URL,T02_SHORTNAME,T02_NOKPUPDATE,T02_TKHUPDATE,T02_PLATFORM,T02_LOGIN,T02_QUERYMENU,T02_FOLDER,T02_KETERANGAN_BI,T02_NAMA_BI,T02_NAMA_LAMA) values (147,'e-Meeting','A','376917','-',5,'fa fa-users',null,'#','e-Meeting','admin',to_date('26/06/2023','DD/MM/RRRR'),'1','Y','Y',null,null,null,null);
Insert into UP_PORTAL.T02_APLIKASI (T02_ID,T02_NAMA_APP,T02_STATUS,T02_PTJOWNER,T02_KETERANGAN,T01_ID,T02_ICON,T02_LEVEL_ACCESS,T02_URL,T02_SHORTNAME,T02_NOKPUPDATE,T02_TKHUPDATE,T02_PLATFORM,T02_LOGIN,T02_QUERYMENU,T02_FOLDER,T02_KETERANGAN_BI,T02_NAMA_BI,T02_NAMA_LAMA) values (148,'e-Voting','A','379677','-',5,'fa fa-id-badge',null,'#','e-Voting','admin',to_date('05/04/2022','DD/MM/RRRR'),'1',null,null,null,null,null,null);
Insert into UP_PORTAL.T02_APLIKASI (T02_ID,T02_NAMA_APP,T02_STATUS,T02_PTJOWNER,T02_KETERANGAN,T01_ID,T02_ICON,T02_LEVEL_ACCESS,T02_URL,T02_SHORTNAME,T02_NOKPUPDATE,T02_TKHUPDATE,T02_PLATFORM,T02_LOGIN,T02_QUERYMENU,T02_FOLDER,T02_KETERANGAN_BI,T02_NAMA_BI,T02_NAMA_LAMA) values (149,'Directory Staf','A','379677','-',5,'fa fa-id-badge',null,'#','Directory Staf','admin',to_date('05/04/2022','DD/MM/RRRR'),'1',null,null,null,null,null,null);
Insert into UP_PORTAL.T02_APLIKASI (T02_ID,T02_NAMA_APP,T02_STATUS,T02_PTJOWNER,T02_KETERANGAN,T01_ID,T02_ICON,T02_LEVEL_ACCESS,T02_URL,T02_SHORTNAME,T02_NOKPUPDATE,T02_TKHUPDATE,T02_PLATFORM,T02_LOGIN,T02_QUERYMENU,T02_FOLDER,T02_KETERANGAN_BI,T02_NAMA_BI,T02_NAMA_LAMA) values (162,'Info Covid-19','A','379673','-',8,'fa fa-certificate',null,'#','Info Covid-19','admin',to_date('10/04/2022','DD/MM/RRRR'),'1','Y',null,null,null,null,null);
Insert into UP_PORTAL.T02_APLIKASI (T02_ID,T02_NAMA_APP,T02_STATUS,T02_PTJOWNER,T02_KETERANGAN,T01_ID,T02_ICON,T02_LEVEL_ACCESS,T02_URL,T02_SHORTNAME,T02_NOKPUPDATE,T02_TKHUPDATE,T02_PLATFORM,T02_LOGIN,T02_QUERYMENU,T02_FOLDER,T02_KETERANGAN_BI,T02_NAMA_BI,T02_NAMA_LAMA) values (164,'Aktiviti Pelajar','A','379673','Pengurusan aktiviti pelajar secara dalam talian',8,'fa fa-graduation-cap',null,'#','Aktiviti Pelajar','admin',to_date('25/01/2024','DD/MM/RRRR'),'8',null,null,null,null,null,null);
Insert into UP_PORTAL.T02_APLIKASI (T02_ID,T02_NAMA_APP,T02_STATUS,T02_PTJOWNER,T02_KETERANGAN,T01_ID,T02_ICON,T02_LEVEL_ACCESS,T02_URL,T02_SHORTNAME,T02_NOKPUPDATE,T02_TKHUPDATE,T02_PLATFORM,T02_LOGIN,T02_QUERYMENU,T02_FOLDER,T02_KETERANGAN_BI,T02_NAMA_BI,T02_NAMA_LAMA) values (165,'Penempatan Luar','A','379673','Pengurusan penempatan luar pelajar',8,'fa fa-graduation-cap',null,'#','Penempatan Luar','admin',to_date('10/04/2022','DD/MM/RRRR'),'1',null,null,null,null,null,null);
Insert into UP_PORTAL.T02_APLIKASI (T02_ID,T02_NAMA_APP,T02_STATUS,T02_PTJOWNER,T02_KETERANGAN,T01_ID,T02_ICON,T02_LEVEL_ACCESS,T02_URL,T02_SHORTNAME,T02_NOKPUPDATE,T02_TKHUPDATE,T02_PLATFORM,T02_LOGIN,T02_QUERYMENU,T02_FOLDER,T02_KETERANGAN_BI,T02_NAMA_BI,T02_NAMA_LAMA) values (166,'My-Ihsan','A','379684','Pengurusan Tabung Kebajikan Pelajar',8,'fa fa-graduation-cap',null,'#','My-Ihsan','admin',to_date('30/01/2024','DD/MM/RRRR'),'8',null,null,null,null,null,null);
Insert into UP_PORTAL.T02_APLIKASI (T02_ID,T02_NAMA_APP,T02_STATUS,T02_PTJOWNER,T02_KETERANGAN,T01_ID,T02_ICON,T02_LEVEL_ACCESS,T02_URL,T02_SHORTNAME,T02_NOKPUPDATE,T02_TKHUPDATE,T02_PLATFORM,T02_LOGIN,T02_QUERYMENU,T02_FOLDER,T02_KETERANGAN_BI,T02_NAMA_BI,T02_NAMA_LAMA) values (176,'e-Pembelajaran','A','379677','-',7,'fa fa-graduation-cap',null,'#','e-Pembelajaran','admin',to_date('10/04/2022','DD/MM/RRRR'),'1','Y',null,null,null,null,null);
Insert into UP_PORTAL.T02_APLIKASI (T02_ID,T02_NAMA_APP,T02_STATUS,T02_PTJOWNER,T02_KETERANGAN,T01_ID,T02_ICON,T02_LEVEL_ACCESS,T02_URL,T02_SHORTNAME,T02_NOKPUPDATE,T02_TKHUPDATE,T02_PLATFORM,T02_LOGIN,T02_QUERYMENU,T02_FOLDER,T02_KETERANGAN_BI,T02_NAMA_BI,T02_NAMA_LAMA) values (206,'Sistem Tangguh Pengajian','A','379683','Pengurusan Permohonan Tangguh Pengajian',3,'fa fa-graduation-cap',null,'#','Sistem Tangguh Pengajian','admin',to_date('04/12/2022','DD/MM/RRRR'),'1',null,'N',null,null,null,null);
Insert into UP_PORTAL.T02_APLIKASI (T02_ID,T02_NAMA_APP,T02_STATUS,T02_PTJOWNER,T02_KETERANGAN,T01_ID,T02_ICON,T02_LEVEL_ACCESS,T02_URL,T02_SHORTNAME,T02_NOKPUPDATE,T02_TKHUPDATE,T02_PLATFORM,T02_LOGIN,T02_QUERYMENU,T02_FOLDER,T02_KETERANGAN_BI,T02_NAMA_BI,T02_NAMA_LAMA) values (207,'Permohonan Penilaian Risiko','A','379751','Permohonan Risiko',5,'fa fa-adjust',null,'#','eRisk','admin',to_date('08/07/2024','DD/MM/RRRR'),'8',null,'N',null,null,null,null);
Insert into UP_PORTAL.T02_APLIKASI (T02_ID,T02_NAMA_APP,T02_STATUS,T02_PTJOWNER,T02_KETERANGAN,T01_ID,T02_ICON,T02_LEVEL_ACCESS,T02_URL,T02_SHORTNAME,T02_NOKPUPDATE,T02_TKHUPDATE,T02_PLATFORM,T02_LOGIN,T02_QUERYMENU,T02_FOLDER,T02_KETERANGAN_BI,T02_NAMA_BI,T02_NAMA_LAMA) values (242,'MPP Undi','A','376830','MPP Undi',8,'-',null,'#','MPP Undi','admin',to_date('01/02/2023','DD/MM/RRRR'),'1',null,'N',null,null,null,null);
Insert into UP_PORTAL.T02_APLIKASI (T02_ID,T02_NAMA_APP,T02_STATUS,T02_PTJOWNER,T02_KETERANGAN,T01_ID,T02_ICON,T02_LEVEL_ACCESS,T02_URL,T02_SHORTNAME,T02_NOKPUPDATE,T02_TKHUPDATE,T02_PLATFORM,T02_LOGIN,T02_QUERYMENU,T02_FOLDER,T02_KETERANGAN_BI,T02_NAMA_BI,T02_NAMA_LAMA) values (402,'e-Peperiksaan Jabatan','A','376810','Modul semakan keperluan Peperiksaan Jabatan dan permohonan Peperiksaan Jabatan secara online. Hanya dibuka kepada pegawai yang masih belum disahkan dalam perkhidmatan.',1,'fa fa-id-card-o',null,'#','Exam Jabatan','admin',to_date('23/05/2023','DD/MM/RRRR'),'8',null,'N',null,null,null,null);
Insert into UP_PORTAL.T02_APLIKASI (T02_ID,T02_NAMA_APP,T02_STATUS,T02_PTJOWNER,T02_KETERANGAN,T01_ID,T02_ICON,T02_LEVEL_ACCESS,T02_URL,T02_SHORTNAME,T02_NOKPUPDATE,T02_TKHUPDATE,T02_PLATFORM,T02_LOGIN,T02_QUERYMENU,T02_FOLDER,T02_KETERANGAN_BI,T02_NAMA_BI,T02_NAMA_LAMA) values (442,'e-Pekeliling','A','379677','-',5,'fa fa-th-list',null,'#','e-Pekeliling','admin',to_date('07/06/2023','DD/MM/RRRR'),'8',null,'N',null,null,null,null);
Insert into UP_PORTAL.T02_APLIKASI (T02_ID,T02_NAMA_APP,T02_STATUS,T02_PTJOWNER,T02_KETERANGAN,T01_ID,T02_ICON,T02_LEVEL_ACCESS,T02_URL,T02_SHORTNAME,T02_NOKPUPDATE,T02_TKHUPDATE,T02_PLATFORM,T02_LOGIN,T02_QUERYMENU,T02_FOLDER,T02_KETERANGAN_BI,T02_NAMA_BI,T02_NAMA_LAMA) values (522,'Permohonan Penambahbaikan Aplikasi','A','379677','-',5,'fa fa-user-circle-o',null,'#','SPPA','admin',to_date('29/11/2023','DD/MM/RRRR'),'8',null,null,null,null,null,null);
Insert into UP_PORTAL.T02_APLIKASI (T02_ID,T02_NAMA_APP,T02_STATUS,T02_PTJOWNER,T02_KETERANGAN,T01_ID,T02_ICON,T02_LEVEL_ACCESS,T02_URL,T02_SHORTNAME,T02_NOKPUPDATE,T02_TKHUPDATE,T02_PLATFORM,T02_LOGIN,T02_QUERYMENU,T02_FOLDER,T02_KETERANGAN_BI,T02_NAMA_BI,T02_NAMA_LAMA) values (602,'Modul Anggaran GCR','A','376801','Modul  pengiraan dan laporan anggaran GCR staf',2,'fa fa-calculator ',null,'#','A-GCR','admin',to_date('07/01/2024','DD/MM/RRRR'),'8','N','N',null,null,null,null);
Insert into UP_PORTAL.T02_APLIKASI (T02_ID,T02_NAMA_APP,T02_STATUS,T02_PTJOWNER,T02_KETERANGAN,T01_ID,T02_ICON,T02_LEVEL_ACCESS,T02_URL,T02_SHORTNAME,T02_NOKPUPDATE,T02_TKHUPDATE,T02_PLATFORM,T02_LOGIN,T02_QUERYMENU,T02_FOLDER,T02_KETERANGAN_BI,T02_NAMA_BI,T02_NAMA_LAMA) values (603,'Modul HRMIS','A','376810','Modul untuk kegunaan pegawai pejabat pendaftar sahaja',1,'fa fa-window-close-o',null,'#','Modul HRMIS','admin',to_date('07/01/2024','DD/MM/RRRR'),'8',null,null,null,null,null,null);
Insert into UP_PORTAL.T02_APLIKASI (T02_ID,T02_NAMA_APP,T02_STATUS,T02_PTJOWNER,T02_KETERANGAN,T01_ID,T02_ICON,T02_LEVEL_ACCESS,T02_URL,T02_SHORTNAME,T02_NOKPUPDATE,T02_TKHUPDATE,T02_PLATFORM,T02_LOGIN,T02_QUERYMENU,T02_FOLDER,T02_KETERANGAN_BI,T02_NAMA_BI,T02_NAMA_LAMA) values (622,'Panduan Telefon','A','376898','Carian direktori telefon',5,'fa fa-phone',null,'#','panduang talipun','admin',to_date('23/01/2024','DD/MM/RRRR'),'8',null,null,null,null,null,null);
Insert into UP_PORTAL.T02_APLIKASI (T02_ID,T02_NAMA_APP,T02_STATUS,T02_PTJOWNER,T02_KETERANGAN,T01_ID,T02_ICON,T02_LEVEL_ACCESS,T02_URL,T02_SHORTNAME,T02_NOKPUPDATE,T02_TKHUPDATE,T02_PLATFORM,T02_LOGIN,T02_QUERYMENU,T02_FOLDER,T02_KETERANGAN_BI,T02_NAMA_BI,T02_NAMA_LAMA) values (682,'siscontoh','A','379677','untuk rujukan',5,'address-book',null,'#','siscontoh','admin',to_date('22/08/2024','DD/MM/RRRR'),'8','Y','N',null,null,null,null);
Insert into UP_PORTAL.T02_APLIKASI (T02_ID,T02_NAMA_APP,T02_STATUS,T02_PTJOWNER,T02_KETERANGAN,T01_ID,T02_ICON,T02_LEVEL_ACCESS,T02_URL,T02_SHORTNAME,T02_NOKPUPDATE,T02_TKHUPDATE,T02_PLATFORM,T02_LOGIN,T02_QUERYMENU,T02_FOLDER,T02_KETERANGAN_BI,T02_NAMA_BI,T02_NAMA_LAMA) values (462,'MyKeselamatan','N','376810','Pengurusan berkenaan keselamatan .',1,'fa-id-card',null,'#','Keselamatan','admin',to_date('26/06/2023','DD/MM/RRRR'),'8',null,null,null,null,null,null);
Insert into UP_PORTAL.T02_APLIKASI (T02_ID,T02_NAMA_APP,T02_STATUS,T02_PTJOWNER,T02_KETERANGAN,T01_ID,T02_ICON,T02_LEVEL_ACCESS,T02_URL,T02_SHORTNAME,T02_NOKPUPDATE,T02_TKHUPDATE,T02_PLATFORM,T02_LOGIN,T02_QUERYMENU,T02_FOLDER,T02_KETERANGAN_BI,T02_NAMA_BI,T02_NAMA_LAMA) values (22,'Daftar Aplikasi','A','379677','Daftar Info Aplikasi ',5,'fas fa-edit',null,'#','AppMynemo','admin',to_date('02/02/2023','DD/MM/RRRR'),'8',null,null,null,null,null,null);
Insert into UP_PORTAL.T02_APLIKASI (T02_ID,T02_NAMA_APP,T02_STATUS,T02_PTJOWNER,T02_KETERANGAN,T01_ID,T02_ICON,T02_LEVEL_ACCESS,T02_URL,T02_SHORTNAME,T02_NOKPUPDATE,T02_TKHUPDATE,T02_PLATFORM,T02_LOGIN,T02_QUERYMENU,T02_FOLDER,T02_KETERANGAN_BI,T02_NAMA_BI,T02_NAMA_LAMA) values (222,'Pendaftaran Kursus','A','379683','Tambah Kursus Dengan Pengesahan Mentor',3,'fa fa-trophy',null,'#','Pendaftaran Kursus','admin',to_date('31/01/2023','DD/MM/RRRR'),'1',null,'N',null,null,null,null);
Insert into UP_PORTAL.T02_APLIKASI (T02_ID,T02_NAMA_APP,T02_STATUS,T02_PTJOWNER,T02_KETERANGAN,T01_ID,T02_ICON,T02_LEVEL_ACCESS,T02_URL,T02_SHORTNAME,T02_NOKPUPDATE,T02_TKHUPDATE,T02_PLATFORM,T02_LOGIN,T02_QUERYMENU,T02_FOLDER,T02_KETERANGAN_BI,T02_NAMA_BI,T02_NAMA_LAMA) values (83,'Modul Lapor Diri','A','376810','Modul untuk pegawai baru melapor diri kegunaan pejabat pendaftar sahaja',1,'fa fa-window-close-o',null,'#','Lapor Diri','admin',to_date('07/01/2024','DD/MM/RRRR'),'8',null,null,null,null,null,null);
Insert into UP_PORTAL.T02_APLIKASI (T02_ID,T02_NAMA_APP,T02_STATUS,T02_PTJOWNER,T02_KETERANGAN,T01_ID,T02_ICON,T02_LEVEL_ACCESS,T02_URL,T02_SHORTNAME,T02_NOKPUPDATE,T02_TKHUPDATE,T02_PLATFORM,T02_LOGIN,T02_QUERYMENU,T02_FOLDER,T02_KETERANGAN_BI,T02_NAMA_BI,T02_NAMA_LAMA) values (84,'Penempatan Staf','A','376810','Modul penempatan atau pertukaran tugas kakitangan.',1,'fa fa-fw fa-heartbeat',null,'#','Penempatan','admin',to_date('23/01/2024','DD/MM/RRRR'),'8',null,null,null,null,null,null);
Insert into UP_PORTAL.T02_APLIKASI (T02_ID,T02_NAMA_APP,T02_STATUS,T02_PTJOWNER,T02_KETERANGAN,T01_ID,T02_ICON,T02_LEVEL_ACCESS,T02_URL,T02_SHORTNAME,T02_NOKPUPDATE,T02_TKHUPDATE,T02_PLATFORM,T02_LOGIN,T02_QUERYMENU,T02_FOLDER,T02_KETERANGAN_BI,T02_NAMA_BI,T02_NAMA_LAMA) values (91,'iRaise','A','376810','Sistem Kenaikan Pangkat Staf Akademik (iRaise).',1,'fa fa-cubes',null,'#','iRaise','admin',to_date('26/06/2023','DD/MM/RRRR'),'1',null,null,null,null,null,null);
Insert into UP_PORTAL.T02_APLIKASI (T02_ID,T02_NAMA_APP,T02_STATUS,T02_PTJOWNER,T02_KETERANGAN,T01_ID,T02_ICON,T02_LEVEL_ACCESS,T02_URL,T02_SHORTNAME,T02_NOKPUPDATE,T02_TKHUPDATE,T02_PLATFORM,T02_LOGIN,T02_QUERYMENU,T02_FOLDER,T02_KETERANGAN_BI,T02_NAMA_BI,T02_NAMA_LAMA) values (92,'Lembaga Pengarah Universiti (LPU)','A','376810','Maklumat Pengarah Universiti',1,'fa fa-user',null,'#','LPU','admin',to_date('07/01/2024','DD/MM/RRRR'),'8',null,null,null,null,null,null);
Insert into UP_PORTAL.T02_APLIKASI (T02_ID,T02_NAMA_APP,T02_STATUS,T02_PTJOWNER,T02_KETERANGAN,T01_ID,T02_ICON,T02_LEVEL_ACCESS,T02_URL,T02_SHORTNAME,T02_NOKPUPDATE,T02_TKHUPDATE,T02_PLATFORM,T02_LOGIN,T02_QUERYMENU,T02_FOLDER,T02_KETERANGAN_BI,T02_NAMA_BI,T02_NAMA_LAMA) values (103,'Profil Staf','A','376810','Modul Profil Bagi Staf.',1,'fa fa-user',null,'#','Profil Staf','admin',to_date('23/01/2024','DD/MM/RRRR'),'8',null,null,null,null,null,null);
Insert into UP_PORTAL.T02_APLIKASI (T02_ID,T02_NAMA_APP,T02_STATUS,T02_PTJOWNER,T02_KETERANGAN,T01_ID,T02_ICON,T02_LEVEL_ACCESS,T02_URL,T02_SHORTNAME,T02_NOKPUPDATE,T02_TKHUPDATE,T02_PLATFORM,T02_LOGIN,T02_QUERYMENU,T02_FOLDER,T02_KETERANGAN_BI,T02_NAMA_BI,T02_NAMA_LAMA) values (104,'eKonferensi','A','379676','Permohonan pembiayaan menghadiri konferensi dan latihan akademik oleh ahli akademik',1,'fa fa-user',null,'#','eKonferensi','admin',to_date('07/01/2024','DD/MM/RRRR'),'8',null,null,null,null,null,null);
Insert into UP_PORTAL.T02_APLIKASI (T02_ID,T02_NAMA_APP,T02_STATUS,T02_PTJOWNER,T02_KETERANGAN,T01_ID,T02_ICON,T02_LEVEL_ACCESS,T02_URL,T02_SHORTNAME,T02_NOKPUPDATE,T02_TKHUPDATE,T02_PLATFORM,T02_LOGIN,T02_QUERYMENU,T02_FOLDER,T02_KETERANGAN_BI,T02_NAMA_BI,T02_NAMA_LAMA) values (105,'e-Pencen','A','376810','Modul Persaraan Bagi Staf Bakal Bersara',1,'fa fa-user-circle',null,'#','e-Pencen','admin',to_date('05/04/2022','DD/MM/RRRR'),'1',null,null,null,null,null,null);
Insert into UP_PORTAL.T02_APLIKASI (T02_ID,T02_NAMA_APP,T02_STATUS,T02_PTJOWNER,T02_KETERANGAN,T01_ID,T02_ICON,T02_LEVEL_ACCESS,T02_URL,T02_SHORTNAME,T02_NOKPUPDATE,T02_TKHUPDATE,T02_PLATFORM,T02_LOGIN,T02_QUERYMENU,T02_FOLDER,T02_KETERANGAN_BI,T02_NAMA_BI,T02_NAMA_LAMA) values (150,'e-rec Bakat','A','379679','Modul Academic Staff Recruitment BAKAT',5,'fa fa-users',null,'#','e-rec Bakat','admin',to_date('05/04/2022','DD/MM/RRRR'),'1',null,null,null,null,null,null);
Insert into UP_PORTAL.T02_APLIKASI (T02_ID,T02_NAMA_APP,T02_STATUS,T02_PTJOWNER,T02_KETERANGAN,T01_ID,T02_ICON,T02_LEVEL_ACCESS,T02_URL,T02_SHORTNAME,T02_NOKPUPDATE,T02_TKHUPDATE,T02_PLATFORM,T02_LOGIN,T02_QUERYMENU,T02_FOLDER,T02_KETERANGAN_BI,T02_NAMA_BI,T02_NAMA_LAMA) values (151,'MyJob','A','376810','e-Recruitment Non Academik',5,'fa fa-user',null,'#','MyJob','admin',to_date('26/06/2023','DD/MM/RRRR'),'1',null,null,null,null,null,null);
Insert into UP_PORTAL.T02_APLIKASI (T02_ID,T02_NAMA_APP,T02_STATUS,T02_PTJOWNER,T02_KETERANGAN,T01_ID,T02_ICON,T02_LEVEL_ACCESS,T02_URL,T02_SHORTNAME,T02_NOKPUPDATE,T02_TKHUPDATE,T02_PLATFORM,T02_LOGIN,T02_QUERYMENU,T02_FOLDER,T02_KETERANGAN_BI,T02_NAMA_BI,T02_NAMA_LAMA) values (163,'Alumni','A','379673','Menjejak maklumat bekas graduan UMT',8,'fa fa-graduation-cap',null,'#','Alumni','admin',to_date('30/01/2024','DD/MM/RRRR'),'1',null,'N',null,null,null,null);
Insert into UP_PORTAL.T02_APLIKASI (T02_ID,T02_NAMA_APP,T02_STATUS,T02_PTJOWNER,T02_KETERANGAN,T01_ID,T02_ICON,T02_LEVEL_ACCESS,T02_URL,T02_SHORTNAME,T02_NOKPUPDATE,T02_TKHUPDATE,T02_PLATFORM,T02_LOGIN,T02_QUERYMENU,T02_FOLDER,T02_KETERANGAN_BI,T02_NAMA_BI,T02_NAMA_LAMA) values (167,'e-Parcel','A','379673','Pengurusan parcel Pelajar',8,'fa fa-archive',null,'#','e-Parcel','admin',to_date('10/04/2022','DD/MM/RRRR'),'1',null,null,null,null,null,null);
Insert into UP_PORTAL.T02_APLIKASI (T02_ID,T02_NAMA_APP,T02_STATUS,T02_PTJOWNER,T02_KETERANGAN,T01_ID,T02_ICON,T02_LEVEL_ACCESS,T02_URL,T02_SHORTNAME,T02_NOKPUPDATE,T02_TKHUPDATE,T02_PLATFORM,T02_LOGIN,T02_QUERYMENU,T02_FOLDER,T02_KETERANGAN_BI,T02_NAMA_BI,T02_NAMA_LAMA) values (168,'eResume','A','379673','Sistem eResume',8,'fa fa-file-text',null,'#','eResume','admin',to_date('02/10/2023','DD/MM/RRRR'),'1',null,null,null,null,null,null);
Insert into UP_PORTAL.T02_APLIKASI (T02_ID,T02_NAMA_APP,T02_STATUS,T02_PTJOWNER,T02_KETERANGAN,T01_ID,T02_ICON,T02_LEVEL_ACCESS,T02_URL,T02_SHORTNAME,T02_NOKPUPDATE,T02_TKHUPDATE,T02_PLATFORM,T02_LOGIN,T02_QUERYMENU,T02_FOLDER,T02_KETERANGAN_BI,T02_NAMA_BI,T02_NAMA_LAMA) values (169,'Permohonan Asrama','A','379673','Pengurusan permohonan asrama pelajar secara dalam talian',8,'fa fa-home',null,'#','Asrama','admin',to_date('10/04/2022','DD/MM/RRRR'),'1',null,null,null,null,null,null);
Insert into UP_PORTAL.T02_APLIKASI (T02_ID,T02_NAMA_APP,T02_STATUS,T02_PTJOWNER,T02_KETERANGAN,T01_ID,T02_ICON,T02_LEVEL_ACCESS,T02_URL,T02_SHORTNAME,T02_NOKPUPDATE,T02_TKHUPDATE,T02_PLATFORM,T02_LOGIN,T02_QUERYMENU,T02_FOLDER,T02_KETERANGAN_BI,T02_NAMA_BI,T02_NAMA_LAMA) values (170,'Kolej Kediaman','A','379673','Pengurusan kolej kediaman pelajar secara dalam talian',8,'fa fa-home',null,'#','Kolej Kediaman','admin',to_date('10/04/2022','DD/MM/RRRR'),'1',null,null,null,null,null,null);
Insert into UP_PORTAL.T02_APLIKASI (T02_ID,T02_NAMA_APP,T02_STATUS,T02_PTJOWNER,T02_KETERANGAN,T01_ID,T02_ICON,T02_LEVEL_ACCESS,T02_URL,T02_SHORTNAME,T02_NOKPUPDATE,T02_TKHUPDATE,T02_PLATFORM,T02_LOGIN,T02_QUERYMENU,T02_FOLDER,T02_KETERANGAN_BI,T02_NAMA_BI,T02_NAMA_LAMA) values (171,'Ko-Kurikulum','A','379673','Pengurusan ko-kurikulum pelajar',8,'fa fa-futbol-o',null,'#','Ko-Kurikulum','admin',to_date('10/04/2022','DD/MM/RRRR'),'1',null,null,null,null,null,null);
Insert into UP_PORTAL.T02_APLIKASI (T02_ID,T02_NAMA_APP,T02_STATUS,T02_PTJOWNER,T02_KETERANGAN,T01_ID,T02_ICON,T02_LEVEL_ACCESS,T02_URL,T02_SHORTNAME,T02_NOKPUPDATE,T02_TKHUPDATE,T02_PLATFORM,T02_LOGIN,T02_QUERYMENU,T02_FOLDER,T02_KETERANGAN_BI,T02_NAMA_BI,T02_NAMA_LAMA) values (172,'Kaunseling','A','376934','Modul Kaunseling v2',8,'fa fa-user',null,'#','Kaunseling','admin',to_date('21/08/2023','DD/MM/RRRR'),'8',null,null,null,null,null,null);
Insert into UP_PORTAL.T02_APLIKASI (T02_ID,T02_NAMA_APP,T02_STATUS,T02_PTJOWNER,T02_KETERANGAN,T01_ID,T02_ICON,T02_LEVEL_ACCESS,T02_URL,T02_SHORTNAME,T02_NOKPUPDATE,T02_TKHUPDATE,T02_PLATFORM,T02_LOGIN,T02_QUERYMENU,T02_FOLDER,T02_KETERANGAN_BI,T02_NAMA_BI,T02_NAMA_LAMA) values (173,'MyStar','A','379673','Pengurusan transkrip aktiviti pelajar secara dalam talian',8,'fa fa-star',null,'#','MyStar','admin',to_date('10/04/2022','DD/MM/RRRR'),'1',null,null,null,null,null,null);
Insert into UP_PORTAL.T02_APLIKASI (T02_ID,T02_NAMA_APP,T02_STATUS,T02_PTJOWNER,T02_KETERANGAN,T01_ID,T02_ICON,T02_LEVEL_ACCESS,T02_URL,T02_SHORTNAME,T02_NOKPUPDATE,T02_TKHUPDATE,T02_PLATFORM,T02_LOGIN,T02_QUERYMENU,T02_FOLDER,T02_KETERANGAN_BI,T02_NAMA_BI,T02_NAMA_LAMA) values (174,'e-Aduan Kolej Kediaman','A','379673','Sistem Aduan Kolej Kediaman',8,'fa fa-user',null,'#','e-Aduan Kolej Kediaman','admin',to_date('26/06/2023','DD/MM/RRRR'),'1',null,null,null,null,null,null);
Insert into UP_PORTAL.T02_APLIKASI (T02_ID,T02_NAMA_APP,T02_STATUS,T02_PTJOWNER,T02_KETERANGAN,T01_ID,T02_ICON,T02_LEVEL_ACCESS,T02_URL,T02_SHORTNAME,T02_NOKPUPDATE,T02_TKHUPDATE,T02_PLATFORM,T02_LOGIN,T02_QUERYMENU,T02_FOLDER,T02_KETERANGAN_BI,T02_NAMA_BI,T02_NAMA_LAMA) values (184,'Prasyarat','A','379683','-',3,'fa fa-users',null,'#','Prasyarat','admin',to_date('11/04/2022','DD/MM/RRRR'),null,null,'Y',null,null,null,null);
Insert into UP_PORTAL.T02_APLIKASI (T02_ID,T02_NAMA_APP,T02_STATUS,T02_PTJOWNER,T02_KETERANGAN,T01_ID,T02_ICON,T02_LEVEL_ACCESS,T02_URL,T02_SHORTNAME,T02_NOKPUPDATE,T02_TKHUPDATE,T02_PLATFORM,T02_LOGIN,T02_QUERYMENU,T02_FOLDER,T02_KETERANGAN_BI,T02_NAMA_BI,T02_NAMA_LAMA) values (203,'e-ARENA','A','376935','Permohonan tempahan fasiliti Kompleks Sukan',5,'fa fa-trophy',null,'#','e-ARENA','admin',to_date('04/12/2022','DD/MM/RRRR'),'1',null,'N',null,null,null,null);
Insert into UP_PORTAL.T02_APLIKASI (T02_ID,T02_NAMA_APP,T02_STATUS,T02_PTJOWNER,T02_KETERANGAN,T01_ID,T02_ICON,T02_LEVEL_ACCESS,T02_URL,T02_SHORTNAME,T02_NOKPUPDATE,T02_TKHUPDATE,T02_PLATFORM,T02_LOGIN,T02_QUERYMENU,T02_FOLDER,T02_KETERANGAN_BI,T02_NAMA_BI,T02_NAMA_LAMA) values (205,'Dermasiswa Endowmen UMT','A','376801','-',2,'fa fa-heartbeat',null,'#','Dermasiswa','admin',to_date('26/06/2023','DD/MM/RRRR'),'1','N','N',null,null,null,null);
Insert into UP_PORTAL.T02_APLIKASI (T02_ID,T02_NAMA_APP,T02_STATUS,T02_PTJOWNER,T02_KETERANGAN,T01_ID,T02_ICON,T02_LEVEL_ACCESS,T02_URL,T02_SHORTNAME,T02_NOKPUPDATE,T02_TKHUPDATE,T02_PLATFORM,T02_LOGIN,T02_QUERYMENU,T02_FOLDER,T02_KETERANGAN_BI,T02_NAMA_BI,T02_NAMA_LAMA) values (582,'eVisit','A','379671','Pengurusan tempahan bilik di kolej kediaman yang melibatkan orang awam secara atas talian',8,'fa fa-bed',null,'#','eVisit','admin',to_date('02/01/2024','DD/MM/RRRR'),'8','N','N',null,null,null,null);
Insert into UP_PORTAL.T02_APLIKASI (T02_ID,T02_NAMA_APP,T02_STATUS,T02_PTJOWNER,T02_KETERANGAN,T01_ID,T02_ICON,T02_LEVEL_ACCESS,T02_URL,T02_SHORTNAME,T02_NOKPUPDATE,T02_TKHUPDATE,T02_PLATFORM,T02_LOGIN,T02_QUERYMENU,T02_FOLDER,T02_KETERANGAN_BI,T02_NAMA_BI,T02_NAMA_LAMA) values (702,'Sistem Integrasi Data Universiti','A','379751','SID',5,'adress-card',null,'#','SID','admin',to_date('25/08/2024','DD/MM/RRRR'),'8','N','N',null,null,null,null);
Insert into UP_PORTAL.T02_APLIKASI (T02_ID,T02_NAMA_APP,T02_STATUS,T02_PTJOWNER,T02_KETERANGAN,T01_ID,T02_ICON,T02_LEVEL_ACCESS,T02_URL,T02_SHORTNAME,T02_NOKPUPDATE,T02_TKHUPDATE,T02_PLATFORM,T02_LOGIN,T02_QUERYMENU,T02_FOLDER,T02_KETERANGAN_BI,T02_NAMA_BI,T02_NAMA_LAMA) values (2,'Cuti Online','A','376810','Mohon cuti rehat, semak rekod cuti, status pengumpulan GCR dan lain-lain',1,'solar:document-add-outline',null,'#','Cuti','admin',to_date('20/01/2022','DD/MM/RRRR'),'8',null,null,null,null,null,null);
Insert into UP_PORTAL.T02_APLIKASI (T02_ID,T02_NAMA_APP,T02_STATUS,T02_PTJOWNER,T02_KETERANGAN,T01_ID,T02_ICON,T02_LEVEL_ACCESS,T02_URL,T02_SHORTNAME,T02_NOKPUPDATE,T02_TKHUPDATE,T02_PLATFORM,T02_LOGIN,T02_QUERYMENU,T02_FOLDER,T02_KETERANGAN_BI,T02_NAMA_BI,T02_NAMA_LAMA) values (1,'FYP Project','A','376810','Projek Ilmiah Tahun Akhir ',1,'fa fa-fw fa-heartbeat','NULL','http://localhost/myprojek','my PITA','admin',to_date('01/02/2023','DD/MM/RRRR'),'1',null,null,null,null,null,null);
Insert into UP_PORTAL.T02_APLIKASI (T02_ID,T02_NAMA_APP,T02_STATUS,T02_PTJOWNER,T02_KETERANGAN,T01_ID,T02_ICON,T02_LEVEL_ACCESS,T02_URL,T02_SHORTNAME,T02_NOKPUPDATE,T02_TKHUPDATE,T02_PLATFORM,T02_LOGIN,T02_QUERYMENU,T02_FOLDER,T02_KETERANGAN_BI,T02_NAMA_BI,T02_NAMA_LAMA) values (3,'e-LNPT','A','376810','Penilaian Prestasi, Pengisian SKT, Pengisian LNPT dan Pengurusan Maklumat LNPT secara online.',1,'solar:chart-outline',null,'#','e-LNPT','admin',to_date('30/01/2024','DD/MM/RRRR'),'8',null,null,null,null,null,null);
Insert into UP_PORTAL.T02_APLIKASI (T02_ID,T02_NAMA_APP,T02_STATUS,T02_PTJOWNER,T02_KETERANGAN,T01_ID,T02_ICON,T02_LEVEL_ACCESS,T02_URL,T02_SHORTNAME,T02_NOKPUPDATE,T02_TKHUPDATE,T02_PLATFORM,T02_LOGIN,T02_QUERYMENU,T02_FOLDER,T02_KETERANGAN_BI,T02_NAMA_BI,T02_NAMA_LAMA) values (4,'Modul Klinik Panel','A','376810','Modul pendaftaran untuk rawatan klinik panel.',1,'solar:syringe-bold',null,'#','Klinik Panel','admin',to_date('07/01/2024','DD/MM/RRRR'),'8',null,null,null,null,null,null);
Insert into UP_PORTAL.T02_APLIKASI (T02_ID,T02_NAMA_APP,T02_STATUS,T02_PTJOWNER,T02_KETERANGAN,T01_ID,T02_ICON,T02_LEVEL_ACCESS,T02_URL,T02_SHORTNAME,T02_NOKPUPDATE,T02_TKHUPDATE,T02_PLATFORM,T02_LOGIN,T02_QUERYMENU,T02_FOLDER,T02_KETERANGAN_BI,T02_NAMA_BI,T02_NAMA_LAMA) values (5,'Mytime','A','376810','Permohonan WBB dan pulang awal,mengemaskini catatan, pengesahan kehadiran.',1,'fa fa-tags',null,'#','Mytime','admin',to_date('23/01/2024','DD/MM/RRRR'),'8',null,null,null,null,null,null);
Insert into UP_PORTAL.T02_APLIKASI (T02_ID,T02_NAMA_APP,T02_STATUS,T02_PTJOWNER,T02_KETERANGAN,T01_ID,T02_ICON,T02_LEVEL_ACCESS,T02_URL,T02_SHORTNAME,T02_NOKPUPDATE,T02_TKHUPDATE,T02_PLATFORM,T02_LOGIN,T02_QUERYMENU,T02_FOLDER,T02_KETERANGAN_BI,T02_NAMA_BI,T02_NAMA_LAMA) values (6,'eCube','A','376810','Permohonan cuti belajar untuk kakitangan yang ingin melanjutkan pelajaran.',1,'fa fa-clipboard',null,'#','eCube','admin',to_date('23/01/2024','DD/MM/RRRR'),'8',null,null,null,null,null,null);
Insert into UP_PORTAL.T02_APLIKASI (T02_ID,T02_NAMA_APP,T02_STATUS,T02_PTJOWNER,T02_KETERANGAN,T01_ID,T02_ICON,T02_LEVEL_ACCESS,T02_URL,T02_SHORTNAME,T02_NOKPUPDATE,T02_TKHUPDATE,T02_PLATFORM,T02_LOGIN,T02_QUERYMENU,T02_FOLDER,T02_KETERANGAN_BI,T02_NAMA_BI,T02_NAMA_LAMA) values (7,'e-OT','A','376801','Permohonan tuntutan lebih masa',2,'fa fa-usd',null,'#','e-OT','admin',to_date('29/11/2022','DD/MM/RRRR'),null,null,null,null,null,null,null);
Insert into UP_PORTAL.T02_APLIKASI (T02_ID,T02_NAMA_APP,T02_STATUS,T02_PTJOWNER,T02_KETERANGAN,T01_ID,T02_ICON,T02_LEVEL_ACCESS,T02_URL,T02_SHORTNAME,T02_NOKPUPDATE,T02_TKHUPDATE,T02_PLATFORM,T02_LOGIN,T02_QUERYMENU,T02_FOLDER,T02_KETERANGAN_BI,T02_NAMA_BI,T02_NAMA_LAMA) values (8,'e-Claim','A','376801','Pengurusan tuntutan perjalanan dalam negeri.',2,'fa fa-usd',null,'#','e-Claim','admin',to_date('05/02/2023','DD/MM/RRRR'),null,null,null,null,null,null,null);
Insert into UP_PORTAL.T02_APLIKASI (T02_ID,T02_NAMA_APP,T02_STATUS,T02_PTJOWNER,T02_KETERANGAN,T01_ID,T02_ICON,T02_LEVEL_ACCESS,T02_URL,T02_SHORTNAME,T02_NOKPUPDATE,T02_TKHUPDATE,T02_PLATFORM,T02_LOGIN,T02_QUERYMENU,T02_FOLDER,T02_KETERANGAN_BI,T02_NAMA_BI,T02_NAMA_LAMA) values (9,'MyOrder','A','376801','Permohonan RO atas talian',2,'fa fa-money',null,'#','MyOrder','admin',to_date('26/06/2023','DD/MM/RRRR'),null,null,null,null,null,null,null);
Insert into UP_PORTAL.T02_APLIKASI (T02_ID,T02_NAMA_APP,T02_STATUS,T02_PTJOWNER,T02_KETERANGAN,T01_ID,T02_ICON,T02_LEVEL_ACCESS,T02_URL,T02_SHORTNAME,T02_NOKPUPDATE,T02_TKHUPDATE,T02_PLATFORM,T02_LOGIN,T02_QUERYMENU,T02_FOLDER,T02_KETERANGAN_BI,T02_NAMA_BI,T02_NAMA_LAMA) values (62,'Daftar Bayaran ','A','376801','Pengurusan Carian Maklumat Pembayaran.',2,'fa fa-money',null,'#','Payment Tracking','admin',to_date('15/12/2021','DD/MM/RRRR'),null,null,null,null,null,null,null);
Insert into UP_PORTAL.T02_APLIKASI (T02_ID,T02_NAMA_APP,T02_STATUS,T02_PTJOWNER,T02_KETERANGAN,T01_ID,T02_ICON,T02_LEVEL_ACCESS,T02_URL,T02_SHORTNAME,T02_NOKPUPDATE,T02_TKHUPDATE,T02_PLATFORM,T02_LOGIN,T02_QUERYMENU,T02_FOLDER,T02_KETERANGAN_BI,T02_NAMA_BI,T02_NAMA_LAMA) values (63,'Kewangan Pelajar','A','376801','Pengurusan kewangan pelajar',2,'fa fa-money',null,'#','Kewangan Pelajar','admin',to_date('15/12/2021','DD/MM/RRRR'),null,null,null,null,null,null,null);
Insert into UP_PORTAL.T02_APLIKASI (T02_ID,T02_NAMA_APP,T02_STATUS,T02_PTJOWNER,T02_KETERANGAN,T01_ID,T02_ICON,T02_LEVEL_ACCESS,T02_URL,T02_SHORTNAME,T02_NOKPUPDATE,T02_TKHUPDATE,T02_PLATFORM,T02_LOGIN,T02_QUERYMENU,T02_FOLDER,T02_KETERANGAN_BI,T02_NAMA_BI,T02_NAMA_LAMA) values (67,'ePembekal','A','376801','Pangkalan Data Pembekal UMT',2,'fa fa-shopping-bag',null,'#','ePembekal','admin',to_date('15/12/2021','DD/MM/RRRR'),null,null,null,null,null,null,null);
Insert into UP_PORTAL.T02_APLIKASI (T02_ID,T02_NAMA_APP,T02_STATUS,T02_PTJOWNER,T02_KETERANGAN,T01_ID,T02_ICON,T02_LEVEL_ACCESS,T02_URL,T02_SHORTNAME,T02_NOKPUPDATE,T02_TKHUPDATE,T02_PLATFORM,T02_LOGIN,T02_QUERYMENU,T02_FOLDER,T02_KETERANGAN_BI,T02_NAMA_BI,T02_NAMA_LAMA) values (69,'i-Akademik','A','379683','-',3,'fa fa-graduation-cap',null,'#','i-Akademik','admin',to_date('22/04/2024','DD/MM/RRRR'),'8',null,'N',null,null,null,null);
Insert into UP_PORTAL.T02_APLIKASI (T02_ID,T02_NAMA_APP,T02_STATUS,T02_PTJOWNER,T02_KETERANGAN,T01_ID,T02_ICON,T02_LEVEL_ACCESS,T02_URL,T02_SHORTNAME,T02_NOKPUPDATE,T02_TKHUPDATE,T02_PLATFORM,T02_LOGIN,T02_QUERYMENU,T02_FOLDER,T02_KETERANGAN_BI,T02_NAMA_BI,T02_NAMA_LAMA) values (70,'Modul Pensyarah (PostGraduate)','A','379683','Modul Pensyarah (Postgraduate)',3,'fa fa-graduation-cap',null,'#','Pensyarah PostGraduate','admin',to_date('30/01/2024','DD/MM/RRRR'),'8',null,'N',null,null,null,null);
Insert into UP_PORTAL.T02_APLIKASI (T02_ID,T02_NAMA_APP,T02_STATUS,T02_PTJOWNER,T02_KETERANGAN,T01_ID,T02_ICON,T02_LEVEL_ACCESS,T02_URL,T02_SHORTNAME,T02_NOKPUPDATE,T02_TKHUPDATE,T02_PLATFORM,T02_LOGIN,T02_QUERYMENU,T02_FOLDER,T02_KETERANGAN_BI,T02_NAMA_BI,T02_NAMA_LAMA) values (71,'Modul Pensyarah (Undergraduate)','A','379683','Modul Pensyarah (Undergraduate)',3,'fa fa-graduation-cap',null,'#','Pensyarah Undergraduate','admin',to_date('07/03/2024','DD/MM/RRRR'),'8',null,'N','sip',null,null,null);
Insert into UP_PORTAL.T02_APLIKASI (T02_ID,T02_NAMA_APP,T02_STATUS,T02_PTJOWNER,T02_KETERANGAN,T01_ID,T02_ICON,T02_LEVEL_ACCESS,T02_URL,T02_SHORTNAME,T02_NOKPUPDATE,T02_TKHUPDATE,T02_PLATFORM,T02_LOGIN,T02_QUERYMENU,T02_FOLDER,T02_KETERANGAN_BI,T02_NAMA_BI,T02_NAMA_LAMA) values (72,'Modul Dekan','A','379683','-',3,'fa fa-graduation-cap',null,'#','Dekan','admin',to_date('28/01/2024','DD/MM/RRRR'),'8',null,'N','dekan',null,null,null);
Insert into UP_PORTAL.T02_APLIKASI (T02_ID,T02_NAMA_APP,T02_STATUS,T02_PTJOWNER,T02_KETERANGAN,T01_ID,T02_ICON,T02_LEVEL_ACCESS,T02_URL,T02_SHORTNAME,T02_NOKPUPDATE,T02_TKHUPDATE,T02_PLATFORM,T02_LOGIN,T02_QUERYMENU,T02_FOLDER,T02_KETERANGAN_BI,T02_NAMA_BI,T02_NAMA_LAMA) values (73,'Timbalan Dekan Akademik dan Pelajar','A','379683','-',3,'fa fa-graduation-cap',null,'#','TDAP','admin',to_date('13/02/2024','DD/MM/RRRR'),'8',null,'N','kj',null,null,null);
Insert into UP_PORTAL.T02_APLIKASI (T02_ID,T02_NAMA_APP,T02_STATUS,T02_PTJOWNER,T02_KETERANGAN,T01_ID,T02_ICON,T02_LEVEL_ACCESS,T02_URL,T02_SHORTNAME,T02_NOKPUPDATE,T02_TKHUPDATE,T02_PLATFORM,T02_LOGIN,T02_QUERYMENU,T02_FOLDER,T02_KETERANGAN_BI,T02_NAMA_BI,T02_NAMA_LAMA) values (82,'Gaji Saraan','A','379677','-',1,'fa fa-money',null,'#','Gaji','admin',to_date('25/01/2024','DD/MM/RRRR'),'8',null,null,null,null,null,null);
Insert into UP_PORTAL.T02_APLIKASI (T02_ID,T02_NAMA_APP,T02_STATUS,T02_PTJOWNER,T02_KETERANGAN,T01_ID,T02_ICON,T02_LEVEL_ACCESS,T02_URL,T02_SHORTNAME,T02_NOKPUPDATE,T02_TKHUPDATE,T02_PLATFORM,T02_LOGIN,T02_QUERYMENU,T02_FOLDER,T02_KETERANGAN_BI,T02_NAMA_BI,T02_NAMA_LAMA) values (86,'Tatatertib','A','376917','Modul ini digunakan oleh Pejabat Penasihat Undang-Undang, Universiti Malaysia Terengganu',1,'fa fa-user-times',null,'#','Tatatertib','admin',to_date('30/01/2024','DD/MM/RRRR'),'8',null,'N',null,null,null,null);
Insert into UP_PORTAL.T02_APLIKASI (T02_ID,T02_NAMA_APP,T02_STATUS,T02_PTJOWNER,T02_KETERANGAN,T01_ID,T02_ICON,T02_LEVEL_ACCESS,T02_URL,T02_SHORTNAME,T02_NOKPUPDATE,T02_TKHUPDATE,T02_PLATFORM,T02_LOGIN,T02_QUERYMENU,T02_FOLDER,T02_KETERANGAN_BI,T02_NAMA_BI,T02_NAMA_LAMA) values (87,'Pengesahan Jawatan','A','376810','Pengesahan Jawatan Kakitangan UMT.',1,'fa fa-user-plus',null,'#','eConfirm','admin',to_date('04/04/2022','DD/MM/RRRR'),'1',null,null,null,null,null,null);
Insert into UP_PORTAL.T02_APLIKASI (T02_ID,T02_NAMA_APP,T02_STATUS,T02_PTJOWNER,T02_KETERANGAN,T01_ID,T02_ICON,T02_LEVEL_ACCESS,T02_URL,T02_SHORTNAME,T02_NOKPUPDATE,T02_TKHUPDATE,T02_PLATFORM,T02_LOGIN,T02_QUERYMENU,T02_FOLDER,T02_KETERANGAN_BI,T02_NAMA_BI,T02_NAMA_LAMA) values (102,'Modul Kenaikan Pangkat','A','376810','Kegunaan Bahagian Perjawatan, Pejabat Pendaftar sahaja',1,'fa fa-user-plus',null,'#','Pangkat','admin',to_date('25/01/2024','DD/MM/RRRR'),'8',null,null,null,null,null,null);
Insert into UP_PORTAL.T02_APLIKASI (T02_ID,T02_NAMA_APP,T02_STATUS,T02_PTJOWNER,T02_KETERANGAN,T01_ID,T02_ICON,T02_LEVEL_ACCESS,T02_URL,T02_SHORTNAME,T02_NOKPUPDATE,T02_TKHUPDATE,T02_PLATFORM,T02_LOGIN,T02_QUERYMENU,T02_FOLDER,T02_KETERANGAN_BI,T02_NAMA_BI,T02_NAMA_LAMA) values (106,'MyHarta','A','376810','Modul Pengisian Maklumat Harta.',1,'fa fa-money',null,'#','MyHarta','admin',to_date('05/04/2022','DD/MM/RRRR'),'1',null,null,null,null,null,null);
Insert into UP_PORTAL.T02_APLIKASI (T02_ID,T02_NAMA_APP,T02_STATUS,T02_PTJOWNER,T02_KETERANGAN,T01_ID,T02_ICON,T02_LEVEL_ACCESS,T02_URL,T02_SHORTNAME,T02_NOKPUPDATE,T02_TKHUPDATE,T02_PLATFORM,T02_LOGIN,T02_QUERYMENU,T02_FOLDER,T02_KETERANGAN_BI,T02_NAMA_BI,T02_NAMA_LAMA) values (107,'Tuntutan Bayaran Upahan','A','376810','Pengurusan Tuntutan Pengajar/Fasilitator/Jurulatih Sambilan dan Penyelamat Kolam.',2,'fa fa-money',null,'#','MyPay','admin',to_date('05/04/2022','DD/MM/RRRR'),'1',null,null,null,null,null,null);
Insert into UP_PORTAL.T02_APLIKASI (T02_ID,T02_NAMA_APP,T02_STATUS,T02_PTJOWNER,T02_KETERANGAN,T01_ID,T02_ICON,T02_LEVEL_ACCESS,T02_URL,T02_SHORTNAME,T02_NOKPUPDATE,T02_TKHUPDATE,T02_PLATFORM,T02_LOGIN,T02_QUERYMENU,T02_FOLDER,T02_KETERANGAN_BI,T02_NAMA_BI,T02_NAMA_LAMA) values (110,'Pengurusan Kontrak','A','376801','Pengurusan Kontrak Perolehan UMT.',2,'fa fa-user',null,'#','Pengurusan Kontrak','admin',to_date('05/04/2022','DD/MM/RRRR'),'1',null,null,null,null,null,null);
Insert into UP_PORTAL.T02_APLIKASI (T02_ID,T02_NAMA_APP,T02_STATUS,T02_PTJOWNER,T02_KETERANGAN,T01_ID,T02_ICON,T02_LEVEL_ACCESS,T02_URL,T02_SHORTNAME,T02_NOKPUPDATE,T02_TKHUPDATE,T02_PLATFORM,T02_LOGIN,T02_QUERYMENU,T02_FOLDER,T02_KETERANGAN_BI,T02_NAMA_BI,T02_NAMA_LAMA) values (115,'Penawaran/Pendaftaran Kursus(Postgrad)','A','379683','Pengurusan Maklumat Pengajian Siswazah',3,'fa fa-graduation-cap',null,'#','Penawaran','admin',to_date('14/02/2024','DD/MM/RRRR'),'8',null,'N',null,null,null,null);
Insert into UP_PORTAL.T02_APLIKASI (T02_ID,T02_NAMA_APP,T02_STATUS,T02_PTJOWNER,T02_KETERANGAN,T01_ID,T02_ICON,T02_LEVEL_ACCESS,T02_URL,T02_SHORTNAME,T02_NOKPUPDATE,T02_TKHUPDATE,T02_PLATFORM,T02_LOGIN,T02_QUERYMENU,T02_FOLDER,T02_KETERANGAN_BI,T02_NAMA_BI,T02_NAMA_LAMA) values (119,'Profail Pelajar','A','379683','Maklumat Profail Pelajar',3,'fa fa-graduation-cap',null,'#','Profail Pelajar','admin',to_date('23/06/2024','DD/MM/RRRR'),'8',null,'N',null,null,null,null);
Insert into UP_PORTAL.T02_APLIKASI (T02_ID,T02_NAMA_APP,T02_STATUS,T02_PTJOWNER,T02_KETERANGAN,T01_ID,T02_ICON,T02_LEVEL_ACCESS,T02_URL,T02_SHORTNAME,T02_NOKPUPDATE,T02_TKHUPDATE,T02_PLATFORM,T02_LOGIN,T02_QUERYMENU,T02_FOLDER,T02_KETERANGAN_BI,T02_NAMA_BI,T02_NAMA_LAMA) values (123,'ePendaftaran','A','379683','Pengurusan Pengambilan Pelajar',3,'fa fa-graduation-cap',null,'#','ePendaftaran','admin',to_date('11/04/2022','DD/MM/RRRR'),'1',null,'Y',null,null,null,null);
Insert into UP_PORTAL.T02_APLIKASI (T02_ID,T02_NAMA_APP,T02_STATUS,T02_PTJOWNER,T02_KETERANGAN,T01_ID,T02_ICON,T02_LEVEL_ACCESS,T02_URL,T02_SHORTNAME,T02_NOKPUPDATE,T02_TKHUPDATE,T02_PLATFORM,T02_LOGIN,T02_QUERYMENU,T02_FOLDER,T02_KETERANGAN_BI,T02_NAMA_BI,T02_NAMA_LAMA) values (124,'E-Latihan Industri','A','379683','Pengurusan maklumat LI.',3,'fa fa-map-marker',null,'#','eLI','admin',to_date('18/02/2024','DD/MM/RRRR'),'8',null,'N',null,null,null,null);
Insert into UP_PORTAL.T02_APLIKASI (T02_ID,T02_NAMA_APP,T02_STATUS,T02_PTJOWNER,T02_KETERANGAN,T01_ID,T02_ICON,T02_LEVEL_ACCESS,T02_URL,T02_SHORTNAME,T02_NOKPUPDATE,T02_TKHUPDATE,T02_PLATFORM,T02_LOGIN,T02_QUERYMENU,T02_FOLDER,T02_KETERANGAN_BI,T02_NAMA_BI,T02_NAMA_LAMA) values (139,'MyMedic','A','376827','Pengurusan Pusat Kesihatan Universiti',5,'fa fa-ambulance',null,'#','MyMedic','admin',to_date('23/01/2024','DD/MM/RRRR'),'8',null,null,null,null,null,null);
Insert into UP_PORTAL.T02_APLIKASI (T02_ID,T02_NAMA_APP,T02_STATUS,T02_PTJOWNER,T02_KETERANGAN,T01_ID,T02_ICON,T02_LEVEL_ACCESS,T02_URL,T02_SHORTNAME,T02_NOKPUPDATE,T02_TKHUPDATE,T02_PLATFORM,T02_LOGIN,T02_QUERYMENU,T02_FOLDER,T02_KETERANGAN_BI,T02_NAMA_BI,T02_NAMA_LAMA) values (175,'Emel UMT','A','379677','-',6,'fa fa-envelope-o',null,'#','Emel','admin',to_date('09/07/2023','DD/MM/RRRR'),'1','N',null,null,null,null,null);
Insert into UP_PORTAL.T02_APLIKASI (T02_ID,T02_NAMA_APP,T02_STATUS,T02_PTJOWNER,T02_KETERANGAN,T01_ID,T02_ICON,T02_LEVEL_ACCESS,T02_URL,T02_SHORTNAME,T02_NOKPUPDATE,T02_TKHUPDATE,T02_PLATFORM,T02_LOGIN,T02_QUERYMENU,T02_FOLDER,T02_KETERANGAN_BI,T02_NAMA_BI,T02_NAMA_LAMA) values (202,'e-Fasiliti','A','379675','Modul tempahan fasiliti dibawah tanggungjawab PPH.',5,'fa fa-edit',null,'#','e-Fasiliti','admin',to_date('27/07/2023','DD/MM/RRRR'),'8',null,'N',null,null,null,null);
Insert into UP_PORTAL.T02_APLIKASI (T02_ID,T02_NAMA_APP,T02_STATUS,T02_PTJOWNER,T02_KETERANGAN,T01_ID,T02_ICON,T02_LEVEL_ACCESS,T02_URL,T02_SHORTNAME,T02_NOKPUPDATE,T02_TKHUPDATE,T02_PLATFORM,T02_LOGIN,T02_QUERYMENU,T02_FOLDER,T02_KETERANGAN_BI,T02_NAMA_BI,T02_NAMA_LAMA) values (204,'ezAIR','A','376917','Sistem ezAIR (Audit Issues Register)',5,'fa fa-th-list',null,'#','ezAIR','admin',to_date('26/06/2023','DD/MM/RRRR'),'1',null,'N',null,null,null,null);
Insert into UP_PORTAL.T02_APLIKASI (T02_ID,T02_NAMA_APP,T02_STATUS,T02_PTJOWNER,T02_KETERANGAN,T01_ID,T02_ICON,T02_LEVEL_ACCESS,T02_URL,T02_SHORTNAME,T02_NOKPUPDATE,T02_TKHUPDATE,T02_PLATFORM,T02_LOGIN,T02_QUERYMENU,T02_FOLDER,T02_KETERANGAN_BI,T02_NAMA_BI,T02_NAMA_LAMA) values (342,null,'A',null,null,9,null,null,'#',null,'admin',null,null,null,null,null,null,null,null);

Insert into UP_PORTAL.T04_FAV (T04_ID,T04_IDSTAF,T02_ID,CREATED_ON,T04_NOKP) values (30,'245','2',to_timestamp('07/12/2022 12:14:26.000000000','DD/MM/RRRR HH24:MI:SSXFF'),null);
Insert into UP_PORTAL.T04_FAV (T04_ID,T04_IDSTAF,T02_ID,CREATED_ON,T04_NOKP) values (6,'1280','1',to_timestamp('06/10/2021 11:51:52.000000000','DD/MM/RRRR HH24:MI:SSXFF'),null);
Insert into UP_PORTAL.T04_FAV (T04_ID,T04_IDSTAF,T02_ID,CREATED_ON,T04_NOKP) values (9,'357','22',to_timestamp('26/10/2021 13:25:27.000000000','DD/MM/RRRR HH24:MI:SSXFF'),null);
Insert into UP_PORTAL.T04_FAV (T04_ID,T04_IDSTAF,T02_ID,CREATED_ON,T04_NOKP) values (12,'318','6',to_timestamp('12/12/2021 11:36:55.000000000','DD/MM/RRRR HH24:MI:SSXFF'),null);
Insert into UP_PORTAL.T04_FAV (T04_ID,T04_IDSTAF,T02_ID,CREATED_ON,T04_NOKP) values (13,'1280','22',to_timestamp('29/12/2021 17:24:52.000000000','DD/MM/RRRR HH24:MI:SSXFF'),null);
Insert into UP_PORTAL.T04_FAV (T04_ID,T04_IDSTAF,T02_ID,CREATED_ON,T04_NOKP) values (114,'1434','7',to_timestamp('22/10/2024 23:30:27.000000000','DD/MM/RRRR HH24:MI:SSXFF'),null);
Insert into UP_PORTAL.T04_FAV (T04_ID,T04_IDSTAF,T02_ID,CREATED_ON,T04_NOKP) values (42,'357','8',to_timestamp('12/02/2023 09:12:05.000000000','DD/MM/RRRR HH24:MI:SSXFF'),null);
Insert into UP_PORTAL.T04_FAV (T04_ID,T04_IDSTAF,T02_ID,CREATED_ON,T04_NOKP) values (68,'282','602',to_timestamp('07/01/2024 11:45:17.000000000','DD/MM/RRRR HH24:MI:SSXFF'),null);
Insert into UP_PORTAL.T04_FAV (T04_ID,T04_IDSTAF,T02_ID,CREATED_ON,T04_NOKP) values (70,'2251','90',to_timestamp('07/02/2024 10:06:32.000000000','DD/MM/RRRR HH24:MI:SSXFF'),null);
Insert into UP_PORTAL.T04_FAV (T04_ID,T04_IDSTAF,T02_ID,CREATED_ON,T04_NOKP) values (48,'1598','48',to_timestamp('26/06/2023 08:19:03.000000000','DD/MM/RRRR HH24:MI:SSXFF'),null);
Insert into UP_PORTAL.T04_FAV (T04_ID,T04_IDSTAF,T02_ID,CREATED_ON,T04_NOKP) values (57,'774','2',to_timestamp('26/06/2023 15:28:07.000000000','DD/MM/RRRR HH24:MI:SSXFF'),null);
Insert into UP_PORTAL.T04_FAV (T04_ID,T04_IDSTAF,T02_ID,CREATED_ON,T04_NOKP) values (58,'1598','45',to_timestamp('15/08/2023 11:02:23.000000000','DD/MM/RRRR HH24:MI:SSXFF'),null);
Insert into UP_PORTAL.T04_FAV (T04_ID,T04_IDSTAF,T02_ID,CREATED_ON,T04_NOKP) values (59,'1598','172',to_timestamp('21/08/2023 14:36:59.000000000','DD/MM/RRRR HH24:MI:SSXFF'),null);
Insert into UP_PORTAL.T04_FAV (T04_ID,T04_IDSTAF,T02_ID,CREATED_ON,T04_NOKP) values (103,'1598','207',to_timestamp('29/05/2024 15:38:50.000000000','DD/MM/RRRR HH24:MI:SSXFF'),null);
Insert into UP_PORTAL.T04_FAV (T04_ID,T04_IDSTAF,T02_ID,CREATED_ON,T04_NOKP) values (112,'1434','90',to_timestamp('22/10/2024 23:29:53.000000000','DD/MM/RRRR HH24:MI:SSXFF'),null);
Insert into UP_PORTAL.T04_FAV (T04_ID,T04_IDSTAF,T02_ID,CREATED_ON,T04_NOKP) values (116,'774','682',to_timestamp('10/11/2024 09:23:42.000000000','DD/MM/RRRR HH24:MI:SSXFF'),null);
Insert into UP_PORTAL.T04_FAV (T04_ID,T04_IDSTAF,T02_ID,CREATED_ON,T04_NOKP) values (69,'1598','582',to_timestamp('10/01/2024 07:57:27.000000000','DD/MM/RRRR HH24:MI:SSXFF'),null);
Insert into UP_PORTAL.T04_FAV (T04_ID,T04_IDSTAF,T02_ID,CREATED_ON,T04_NOKP) values (49,'2684','22',to_timestamp('26/06/2023 11:55:53.000000000','DD/MM/RRRR HH24:MI:SSXFF'),null);
Insert into UP_PORTAL.T04_FAV (T04_ID,T04_IDSTAF,T02_ID,CREATED_ON,T04_NOKP) values (85,'2927','2',to_timestamp('03/04/2024 12:20:48.000000000','DD/MM/RRRR HH24:MI:SSXFF'),null);
Insert into UP_PORTAL.T04_FAV (T04_ID,T04_IDSTAF,T02_ID,CREATED_ON,T04_NOKP) values (105,'971','93',to_timestamp('30/06/2024 15:21:28.000000000','DD/MM/RRRR HH24:MI:SSXFF'),null);
Insert into UP_PORTAL.T04_FAV (T04_ID,T04_IDSTAF,T02_ID,CREATED_ON,T04_NOKP) values (87,'2927','71',to_timestamp('16/04/2024 10:56:18.000000000','DD/MM/RRRR HH24:MI:SSXFF'),null);
Insert into UP_PORTAL.T04_FAV (T04_ID,T04_IDSTAF,T02_ID,CREATED_ON,T04_NOKP) values (110,'2966','22',to_timestamp('16/10/2024 17:47:39.000000000','DD/MM/RRRR HH24:MI:SSXFF'),null);
Insert into UP_PORTAL.T04_FAV (T04_ID,T04_IDSTAF,T02_ID,CREATED_ON,T04_NOKP) values (89,'2927','134',to_timestamp('16/04/2024 21:15:49.000000000','DD/MM/RRRR HH24:MI:SSXFF'),null);
Insert into UP_PORTAL.T04_FAV (T04_ID,T04_IDSTAF,T02_ID,CREATED_ON,T04_NOKP) values (106,'971','402',to_timestamp('30/06/2024 15:21:31.000000000','DD/MM/RRRR HH24:MI:SSXFF'),null);
Insert into UP_PORTAL.T04_FAV (T04_ID,T04_IDSTAF,T02_ID,CREATED_ON,T04_NOKP) values (91,'2927','8',to_timestamp('16/04/2024 21:16:15.000000000','DD/MM/RRRR HH24:MI:SSXFF'),null);
Insert into UP_PORTAL.T04_FAV (T04_ID,T04_IDSTAF,T02_ID,CREATED_ON,T04_NOKP) values (92,'2927','149',to_timestamp('16/04/2024 21:16:27.000000000','DD/MM/RRRR HH24:MI:SSXFF'),null);
Insert into UP_PORTAL.T04_FAV (T04_ID,T04_IDSTAF,T02_ID,CREATED_ON,T04_NOKP) values (95,'974','45',to_timestamp('16/04/2024 22:29:37.000000000','DD/MM/RRRR HH24:MI:SSXFF'),null);
Insert into UP_PORTAL.T04_FAV (T04_ID,T04_IDSTAF,T02_ID,CREATED_ON,T04_NOKP) values (97,'2927','7',to_timestamp('17/04/2024 09:18:14.000000000','DD/MM/RRRR HH24:MI:SSXFF'),null);
Insert into UP_PORTAL.T04_FAV (T04_ID,T04_IDSTAF,T02_ID,CREATED_ON,T04_NOKP) values (96,'2927','22',to_timestamp('17/04/2024 01:15:16.000000000','DD/MM/RRRR HH24:MI:SSXFF'),null);
Insert into UP_PORTAL.T04_FAV (T04_ID,T04_IDSTAF,T02_ID,CREATED_ON,T04_NOKP) values (99,'974','22',to_timestamp('23/04/2024 15:27:28.000000000','DD/MM/RRRR HH24:MI:SSXFF'),null);
Insert into UP_PORTAL.T04_FAV (T04_ID,T04_IDSTAF,T02_ID,CREATED_ON,T04_NOKP) values (115,'1434','1',to_timestamp('23/10/2024 01:00:47.000000000','DD/MM/RRRR HH24:MI:SSXFF'),null);
Insert into UP_PORTAL.T04_FAV (T04_ID,T04_IDSTAF,T02_ID,CREATED_ON,T04_NOKP) values (46,'971','22',to_timestamp('23/05/2023 11:33:27.000000000','DD/MM/RRRR HH24:MI:SSXFF'),null);
Insert into UP_PORTAL.T04_FAV (T04_ID,T04_IDSTAF,T02_ID,CREATED_ON,T04_NOKP) values (32,'204','204',to_timestamp('02/02/2023 11:09:16.000000000','DD/MM/RRRR HH24:MI:SSXFF'),null);
Insert into UP_PORTAL.T04_FAV (T04_ID,T04_IDSTAF,T02_ID,CREATED_ON,T04_NOKP) values (53,'774','147',to_timestamp('26/06/2023 15:26:19.000000000','DD/MM/RRRR HH24:MI:SSXFF'),null);
Insert into UP_PORTAL.T04_FAV (T04_ID,T04_IDSTAF,T02_ID,CREATED_ON,T04_NOKP) values (21,'1598','2',to_timestamp('11/04/2022 08:37:15.000000000','DD/MM/RRRR HH24:MI:SSXFF'),null);
Insert into UP_PORTAL.T04_FAV (T04_ID,T04_IDSTAF,T02_ID,CREATED_ON,T04_NOKP) values (31,'245','138',to_timestamp('07/12/2022 12:14:30.000000000','DD/MM/RRRR HH24:MI:SSXFF'),null);
Insert into UP_PORTAL.T04_FAV (T04_ID,T04_IDSTAF,T02_ID,CREATED_ON,T04_NOKP) values (54,'774','151',to_timestamp('26/06/2023 15:26:24.000000000','DD/MM/RRRR HH24:MI:SSXFF'),null);
Insert into UP_PORTAL.T04_FAV (T04_ID,T04_IDSTAF,T02_ID,CREATED_ON,T04_NOKP) values (55,'774','5',to_timestamp('26/06/2023 15:27:25.000000000','DD/MM/RRRR HH24:MI:SSXFF'),null);
Insert into UP_PORTAL.T04_FAV (T04_ID,T04_IDSTAF,T02_ID,CREATED_ON,T04_NOKP) values (56,'774','45',to_timestamp('26/06/2023 15:27:27.000000000','DD/MM/RRRR HH24:MI:SSXFF'),null);
Insert into UP_PORTAL.T04_FAV (T04_ID,T04_IDSTAF,T02_ID,CREATED_ON,T04_NOKP) values (71,'2251','205',to_timestamp('07/02/2024 10:06:58.000000000','DD/MM/RRRR HH24:MI:SSXFF'),null);
Insert into UP_PORTAL.T04_FAV (T04_ID,T04_IDSTAF,T02_ID,CREATED_ON,T04_NOKP) values (77,'974','3',to_timestamp('02/04/2024 15:34:26.000000000','DD/MM/RRRR HH24:MI:SSXFF'),null);
Insert into UP_PORTAL.T04_FAV (T04_ID,T04_IDSTAF,T02_ID,CREATED_ON,T04_NOKP) values (98,'1280','7',to_timestamp('17/04/2024 11:47:59.000000000','DD/MM/RRRR HH24:MI:SSXFF'),null);
Insert into UP_PORTAL.T04_FAV (T04_ID,T04_IDSTAF,T02_ID,CREATED_ON,T04_NOKP) values (104,'971','114',to_timestamp('30/06/2024 15:21:15.000000000','DD/MM/RRRR HH24:MI:SSXFF'),null);
Insert into UP_PORTAL.T04_FAV (T04_ID,T04_IDSTAF,T02_ID,CREATED_ON,T04_NOKP) values (101,'974','48',to_timestamp('16/05/2024 13:27:14.000000000','DD/MM/RRRR HH24:MI:SSXFF'),null);
Insert into UP_PORTAL.T04_FAV (T04_ID,T04_IDSTAF,T02_ID,CREATED_ON,T04_NOKP) values (107,'974','662',to_timestamp('23/08/2024 18:33:23.000000000','DD/MM/RRRR HH24:MI:SSXFF'),null);
Insert into UP_PORTAL.T04_FAV (T04_ID,T04_IDSTAF,T02_ID,CREATED_ON,T04_NOKP) values (111,'1434','5',to_timestamp('22/10/2024 23:29:40.000000000','DD/MM/RRRR HH24:MI:SSXFF'),null);
Insert into UP_PORTAL.T04_FAV (T04_ID,T04_IDSTAF,T02_ID,CREATED_ON,T04_NOKP) values (117,'392','662',to_timestamp('19/11/2024 09:30:42.000000000','DD/MM/RRRR HH24:MI:SSXFF'),null);
Insert into UP_PORTAL.T04_FAV (T04_ID,T04_IDSTAF,T02_ID,CREATED_ON,T04_NOKP) values (109,'1598','22',to_timestamp('10/10/2024 11:13:33.000000000','DD/MM/RRRR HH24:MI:SSXFF'),null);
Insert into UP_PORTAL.T04_FAV (T04_ID,T04_IDSTAF,T02_ID,CREATED_ON,T04_NOKP) values (23,'1434','73',to_timestamp('19/05/2022 15:30:28.000000000','DD/MM/RRRR HH24:MI:SSXFF'),null);
Insert into UP_PORTAL.T04_FAV (T04_ID,T04_IDSTAF,T02_ID,CREATED_ON,T04_NOKP) values (80,'974','5',to_timestamp('02/04/2024 15:44:50.000000000','DD/MM/RRRR HH24:MI:SSXFF'),null);
Insert into UP_PORTAL.T04_FAV (T04_ID,T04_IDSTAF,T02_ID,CREATED_ON,T04_NOKP) values (76,'974','2',to_timestamp('02/04/2024 15:14:50.000000000','DD/MM/RRRR HH24:MI:SSXFF'),null);
Insert into UP_PORTAL.T04_FAV (T04_ID,T04_IDSTAF,T02_ID,CREATED_ON,T04_NOKP) values (45,'357','2',to_timestamp('19/03/2023 10:22:18.000000000','DD/MM/RRRR HH24:MI:SSXFF'),null);
Insert into UP_PORTAL.T04_FAV (T04_ID,T04_IDSTAF,T02_ID,CREATED_ON,T04_NOKP) values (44,'1434','2',to_timestamp('16/03/2023 15:41:46.000000000','DD/MM/RRRR HH24:MI:SSXFF'),null);
Insert into UP_PORTAL.T04_FAV (T04_ID,T04_IDSTAF,T02_ID,CREATED_ON,T04_NOKP) values (50,'2684','482',to_timestamp('26/06/2023 11:58:14.000000000','DD/MM/RRRR HH24:MI:SSXFF'),null);
Insert into UP_PORTAL.T04_FAV (T04_ID,T04_IDSTAF,T02_ID,CREATED_ON,T04_NOKP) values (51,'2684','362',to_timestamp('26/06/2023 11:58:25.000000000','DD/MM/RRRR HH24:MI:SSXFF'),null);
Insert into UP_PORTAL.T04_FAV (T04_ID,T04_IDSTAF,T02_ID,CREATED_ON,T04_NOKP) values (52,'2684','174',to_timestamp('26/06/2023 11:58:33.000000000','DD/MM/RRRR HH24:MI:SSXFF'),null);
Insert into UP_PORTAL.T04_FAV (T04_ID,T04_IDSTAF,T02_ID,CREATED_ON,T04_NOKP) values (75,'1598','4',to_timestamp('07/02/2024 15:24:17.000000000','DD/MM/RRRR HH24:MI:SSXFF'),null);
Insert into UP_PORTAL.T04_FAV (T04_ID,T04_IDSTAF,T02_ID,CREATED_ON,T04_NOKP) values (78,'2251','1',to_timestamp('02/04/2024 15:43:06.000000000','DD/MM/RRRR HH24:MI:SSXFF'),null);
Insert into UP_PORTAL.T04_FAV (T04_ID,T04_IDSTAF,T02_ID,CREATED_ON,T04_NOKP) values (81,'974','4',to_timestamp('02/04/2024 15:49:36.000000000','DD/MM/RRRR HH24:MI:SSXFF'),null);
Insert into UP_PORTAL.T04_FAV (T04_ID,T04_IDSTAF,T02_ID,CREATED_ON,T04_NOKP) values (100,'2927','9',to_timestamp('23/04/2024 16:38:25.000000000','DD/MM/RRRR HH24:MI:SSXFF'),null);
Insert into UP_PORTAL.T04_FAV (T04_ID,T04_IDSTAF,T02_ID,CREATED_ON,T04_NOKP) values (102,'1598','111',to_timestamp('29/05/2024 15:35:16.000000000','DD/MM/RRRR HH24:MI:SSXFF'),null);
Insert into UP_PORTAL.T04_FAV (T04_ID,T04_IDSTAF,T02_ID,CREATED_ON,T04_NOKP) values (94,'2927','89',to_timestamp('16/04/2024 21:17:43.000000000','DD/MM/RRRR HH24:MI:SSXFF'),null);
Insert into UP_PORTAL.T04_FAV (T04_ID,T04_IDSTAF,T02_ID,CREATED_ON,T04_NOKP) values (72,'2251','22',to_timestamp('07/02/2024 10:07:04.000000000','DD/MM/RRRR HH24:MI:SSXFF'),null);
Insert into UP_PORTAL.T04_FAV (T04_ID,T04_IDSTAF,T02_ID,CREATED_ON,T04_NOKP) values (11,'357','7',to_timestamp('26/10/2021 15:29:01.000000000','DD/MM/RRRR HH24:MI:SSXFF'),null);
Insert into UP_PORTAL.T04_FAV (T04_ID,T04_IDSTAF,T02_ID,CREATED_ON,T04_NOKP) values (5,'1280','1',to_timestamp('06/10/2021 11:51:49.000000000','DD/MM/RRRR HH24:MI:SSXFF'),null);
Insert into UP_PORTAL.T04_FAV (T04_ID,T04_IDSTAF,T02_ID,CREATED_ON,T04_NOKP) values (73,'2251','166',to_timestamp('07/02/2024 10:07:25.000000000','DD/MM/RRRR HH24:MI:SSXFF'),null);
Insert into UP_PORTAL.T04_FAV (T04_ID,T04_IDSTAF,T02_ID,CREATED_ON,T04_NOKP) values (74,'2251','163',to_timestamp('07/02/2024 10:07:29.000000000','DD/MM/RRRR HH24:MI:SSXFF'),null);
Insert into UP_PORTAL.T04_FAV (T04_ID,T04_IDSTAF,T02_ID,CREATED_ON,T04_NOKP) values (88,'2927','147',to_timestamp('16/04/2024 10:57:15.000000000','DD/MM/RRRR HH24:MI:SSXFF'),null);
Insert into UP_PORTAL.T04_FAV (T04_ID,T04_IDSTAF,T02_ID,CREATED_ON,T04_NOKP) values (93,'2927','3',to_timestamp('16/04/2024 21:17:39.000000000','DD/MM/RRRR HH24:MI:SSXFF'),null);
Insert into UP_PORTAL.T04_FAV (T04_ID,T04_IDSTAF,T02_ID,CREATED_ON,T04_NOKP) values (108,'1975','702',to_timestamp('26/08/2024 15:49:57.000000000','DD/MM/RRRR HH24:MI:SSXFF'),null);
Insert into UP_PORTAL.T04_FAV (T04_ID,T04_IDSTAF,T02_ID,CREATED_ON,T04_NOKP) values (113,'1434','8',to_timestamp('22/10/2024 23:30:13.000000000','DD/MM/RRRR HH24:MI:SSXFF'),null);

